{"type":"FeatureCollection","name":"asbury_park_road_centerlines","metadata":{"source":"NJOGIS NG911 Road Centerlines (Tran_road)","url":"https://services2.arcgis.com/XVOqAjTOJ5P6ngMu/arcgis/rest/services/Tran_road/FeatureServer/0","query_url":"https://services2.arcgis.com/XVOqAjTOJ5P6ngMu/arcgis/rest/services/Tran_road/FeatureServer/0/query","retrieved_at_utc":"2026-09-04T20:04:53.449801+00:00","source_last_edit_date":1785341586960,"out_sr":4326,"query_envelope_wgs84":[-74.027315,40.2131608,-73.995069,40.2312579],"spatial_relationship":"esriSpatialRelIntersects","boundary_file":"asbury_park_boundary.geojson","boundary_sha256":"dfffbac10241fbed3fcfa765154336a77cb0353148945d82e9994e15766cb288","fields":["OBJECTID","PRIMENAME","ELEVTYP_F","ELEVTYP_T"],"feature_count":799,"complete_objectid_inventory_verified":true,"municipal_clipping":"Envelope selection only; clip against the actual municipal boundary in the application."},"features":[{"type":"Feature","id":731,"properties":{"OBJECTID":731,"PRIMENAME":"Unnamed Segment","ELEVTYP_F":0,"ELEVTYP_T":0},"geometry":{"type":"LineString","coordinates":[[-74.0146041816977,40.2272449829525],[-74.0146910889695,40.2272624501932],[-74.0152390384463,40.2273726619202]]}},{"type":"Feature","id":1182,"properties":{"OBJECTID":1182,"PRIMENAME":"Wickapecko Drive","ELEVTYP_F":0,"ELEVTYP_T":0},"geometry":{"type":"LineString","coordinates":[[-74.0271303616113,40.2269609280462],[-74.0273032580681,40.2264563288953],[-74.0273268570268,40.2263874519864],[-74.0273712338344,40.2262636857411],[-74.0273765265805,40.226246727928],[-74.0274158131882,40.2261208954562],[-74.0274352306077,40.2260066076926],[-74.0274361253039,40.2258778588025],[-74.027411831201,40.2257919987366],[-74.0273991286932,40.2257644944563]]}},{"type":"Feature","id":2351,"properties":{"OBJECTID":2351,"PRIMENAME":"2nd Avenue","ELEVTYP_F":0,"ELEVTYP_T":0},"geometry":{"type":"LineString","coordinates":[[-74.0066204052253,40.2215563758238],[-74.0082615780023,40.2219014640902]]}},{"type":"Feature","id":2396,"properties":{"OBJECTID":2396,"PRIMENAME":"Wardell Place","ELEVTYP_F":0,"ELEVTYP_T":0},"geometry":{"type":"LineString","coordinates":[[-74.0239041567895,40.2276353861394],[-74.0240931114087,40.2276831727654],[-74.0265615446746,40.2283073967272],[-74.0266590090097,40.2283320638931]]}},{"type":"Feature","id":2489,"properties":{"OBJECTID":2489,"PRIMENAME":"Webb Street","ELEVTYP_F":0,"ELEVTYP_T":0},"geometry":{"type":"LineString","coordinates":[[-74.0011002087963,40.2262969781641],[-74.0010862057874,40.2263359005654],[-74.0010835011654,40.2263433833748]]}},{"type":"Feature","id":2505,"properties":{"OBJECTID":2505,"PRIMENAME":"Bangs Avenue","ELEVTYP_F":0,"ELEVTYP_T":0},"geometry":{"type":"LineString","coordinates":[[-74.0215499244289,40.2188037422179],[-74.021113436619,40.2187705866245],[-74.0203070418143,40.2187138251568]]}},{"type":"Feature","id":3098,"properties":{"OBJECTID":3098,"PRIMENAME":"Atlantic Avenue","ELEVTYP_F":0,"ELEVTYP_T":0},"geometry":{"type":"LineString","coordinates":[[-74.0035579135376,40.2152842237005],[-74.0022959859578,40.2150147657159],[-74.0021789296242,40.2149897749026]]}},{"type":"Feature","id":3947,"properties":{"OBJECTID":3947,"PRIMENAME":"Main Street","ELEVTYP_F":0,"ELEVTYP_T":0},"geometry":{"type":"LineString","coordinates":[[-74.0102845212133,40.2246112538402],[-74.0101924415459,40.2248697959071],[-74.0099036558077,40.2256666440791]]}},{"type":"Feature","id":4852,"properties":{"OBJECTID":4852,"PRIMENAME":"3rd Avenue","ELEVTYP_F":0,"ELEVTYP_T":0},"geometry":{"type":"LineString","coordinates":[[-74.0119355094387,40.2238210905566],[-74.011734626388,40.2237785891462],[-74.0106641115943,40.2235520964496]]}},{"type":"Feature","id":4853,"properties":{"OBJECTID":4853,"PRIMENAME":"Central Avenue","ELEVTYP_F":0,"ELEVTYP_T":0},"geometry":{"type":"LineString","coordinates":[[-74.0222523451921,40.2266427349689],[-74.0222265544114,40.2265973590592],[-74.0220352993058,40.226261100641]]}},{"type":"Feature","id":5200,"properties":{"OBJECTID":5200,"PRIMENAME":"Sunset Avenue","ELEVTYP_F":0,"ELEVTYP_T":0},"geometry":{"type":"LineString","coordinates":[[-74.0153827910567,40.2282138305471],[-74.0160776246353,40.2283603692479],[-74.0162354406852,40.2283943014903]]}},{"type":"Feature","id":5530,"properties":{"OBJECTID":5530,"PRIMENAME":"Ocean Avenue","ELEVTYP_F":0,"ELEVTYP_T":0},"geometry":{"type":"LineString","coordinates":[[-73.9992783955596,40.2234018544926],[-73.9989482936839,40.2244283834265]]}},{"type":"Feature","id":5690,"properties":{"OBJECTID":5690,"PRIMENAME":"Memorial Drive","ELEVTYP_F":0,"ELEVTYP_T":0},"geometry":{"type":"LineString","coordinates":[[-74.0156590231107,40.214869456851],[-74.0158474284842,40.21446515554],[-74.0160994930214,40.213931078401]]}},{"type":"Feature","id":5909,"properties":{"OBJECTID":5909,"PRIMENAME":"Emory Street","ELEVTYP_F":0,"ELEVTYP_T":0},"geometry":{"type":"LineString","coordinates":[[-74.006612110161,40.2264961366817],[-74.0065695748283,40.2266127100049],[-74.0062728116796,40.2274259591994]]}},{"type":"Feature","id":6053,"properties":{"OBJECTID":6053,"PRIMENAME":"Kingsley Street","ELEVTYP_F":0,"ELEVTYP_T":0},"geometry":{"type":"LineString","coordinates":[[-74.0007746095893,40.2237261619781],[-74.0011225542876,40.2227577662328]]}},{"type":"Feature","id":6708,"properties":{"OBJECTID":6708,"PRIMENAME":"New Jersey Avenue","ELEVTYP_F":0,"ELEVTYP_T":0},"geometry":{"type":"LineString","coordinates":[[-74.0101714976416,40.2133166013609],[-74.0103513290162,40.2128339781894]]}},{"type":"Feature","id":7036,"properties":{"OBJECTID":7036,"PRIMENAME":"Mount Carmel Way","ELEVTYP_F":0,"ELEVTYP_T":0},"geometry":{"type":"LineString","coordinates":[[-74.0082719805652,40.2138244079902],[-74.007736048306,40.2137111862772],[-74.0071754854488,40.2135927567187],[-74.007031386075,40.2135623128854]]}},{"type":"Feature","id":7269,"properties":{"OBJECTID":7269,"PRIMENAME":"Atkins Avenue","ELEVTYP_F":0,"ELEVTYP_T":0},"geometry":{"type":"LineString","coordinates":[[-74.0203903692559,40.2180442470308],[-74.0204126454606,40.217861094245]]}},{"type":"Feature","id":7808,"properties":{"OBJECTID":7808,"PRIMENAME":"Mattison Avenue","ELEVTYP_F":0,"ELEVTYP_T":0},"geometry":{"type":"LineString","coordinates":[[-74.0169384613061,40.2175070819921],[-74.0161490471406,40.2173402833496],[-74.0160389142351,40.2173171737577]]}},{"type":"Feature","id":7829,"properties":{"OBJECTID":7829,"PRIMENAME":"Memorial Drive","ELEVTYP_F":0,"ELEVTYP_T":0},"geometry":{"type":"LineString","coordinates":[[-74.0150668614656,40.2163339302713],[-74.0151136553008,40.2162398269516],[-74.0151960718791,40.2160161869986],[-74.0153419078407,40.2156116812779],[-74.015437122627,40.2153356324207],[-74.0155569485181,40.2150882926928],[-74.0156590231107,40.214869456851]]}},{"type":"Feature","id":7863,"properties":{"OBJECTID":7863,"PRIMENAME":"Pilgrim Pathway","ELEVTYP_F":0,"ELEVTYP_T":0},"geometry":{"type":"LineString","coordinates":[[-74.0058040577469,40.2154385920432],[-74.0058641715307,40.2152723218341]]}},{"type":"Feature","id":8000,"properties":{"OBJECTID":8000,"PRIMENAME":"Bond Street","ELEVTYP_F":0,"ELEVTYP_T":0},"geometry":{"type":"LineString","coordinates":[[-74.0086733791828,40.2254130379794],[-74.0090289173627,40.2244403140762],[-74.0090596737858,40.2243521852204]]}},{"type":"Feature","id":8027,"properties":{"OBJECTID":8027,"PRIMENAME":"Atlantic Avenue","ELEVTYP_F":0,"ELEVTYP_T":0},"geometry":{"type":"LineString","coordinates":[[-74.0175527655847,40.2168185052255],[-74.01763258483,40.2167936091897],[-74.0181420754264,40.2166345850177]]}},{"type":"Feature","id":9911,"properties":{"OBJECTID":9911,"PRIMENAME":"Kingsley Street","ELEVTYP_F":0,"ELEVTYP_T":0},"geometry":{"type":"LineString","coordinates":[[-74.0004144267715,40.2247354625155],[-74.0007460188047,40.2238056506371],[-74.0007746095893,40.2237261619781]]}},{"type":"Feature","id":10364,"properties":{"OBJECTID":10364,"PRIMENAME":"Bangs Avenue","ELEVTYP_F":0,"ELEVTYP_T":0},"geometry":{"type":"LineString","coordinates":[[-74.0255814378242,40.2191166398591],[-74.0254631743733,40.2191078283735]]}},{"type":"Feature","id":10526,"properties":{"OBJECTID":10526,"PRIMENAME":"Central Court","ELEVTYP_F":0,"ELEVTYP_T":0},"geometry":{"type":"LineString","coordinates":[[-74.0225875388786,40.2265464422247],[-74.0222523451921,40.2266427349689]]}},{"type":"Feature","id":11413,"properties":{"OBJECTID":11413,"PRIMENAME":"Unnamed Segment","ELEVTYP_F":0,"ELEVTYP_T":0},"geometry":{"type":"LineString","coordinates":[[-74.0171136470519,40.2159921773943],[-74.0169149916947,40.2160485663118],[-74.0168274042651,40.216098356403],[-74.0168482627622,40.216232192218],[-74.0168728125335,40.2162848389346],[-74.0168123643259,40.2164613234869],[-74.016920453638,40.2165955215811],[-74.0168662196564,40.2167744233679]]}},{"type":"Feature","id":12372,"properties":{"OBJECTID":12372,"PRIMENAME":"Benson Avenue","ELEVTYP_F":0,"ELEVTYP_T":0},"geometry":{"type":"LineString","coordinates":[[-74.0124793484624,40.213807642482],[-74.012323254109,40.2142329105882]]}},{"type":"Feature","id":15729,"properties":{"OBJECTID":15729,"PRIMENAME":"Beach Avenue","ELEVTYP_F":0,"ELEVTYP_T":0},"geometry":{"type":"LineString","coordinates":[[-74.0037310299814,40.2148112725873],[-74.0035579135376,40.2152842237005]]}},{"type":"Feature","id":16497,"properties":{"OBJECTID":16497,"PRIMENAME":"1st Avenue","ELEVTYP_F":0,"ELEVTYP_T":0},"geometry":{"type":"LineString","coordinates":[[-74.0101865872995,40.2211724719607],[-74.00877499666,40.2208599008665],[-74.0086503052853,40.2208340330656]]}},{"type":"Feature","id":16625,"properties":{"OBJECTID":16625,"PRIMENAME":"Memorial Drive","ELEVTYP_F":0,"ELEVTYP_T":0},"geometry":{"type":"LineString","coordinates":[[-74.0115516080778,40.2248796574783],[-74.0112020771394,40.2258434375125],[-74.0111697655763,40.2259340597082]]}},{"type":"Feature","id":18342,"properties":{"OBJECTID":18342,"PRIMENAME":"Atlantic Avenue","ELEVTYP_F":0,"ELEVTYP_T":0},"geometry":{"type":"LineString","coordinates":[[-74.0187289046203,40.2164514467767],[-74.0189285933225,40.216389109211],[-74.0193148852055,40.2162715696599],[-74.0195391289297,40.2162105408053],[-74.0197756990307,40.216168641571],[-74.0199054597345,40.216160642384]]}},{"type":"Feature","id":21366,"properties":{"OBJECTID":21366,"PRIMENAME":"Ridge Avenue","ELEVTYP_F":0,"ELEVTYP_T":0},"geometry":{"type":"LineString","coordinates":[[-74.0265908747687,40.2249844780878],[-74.0257686412874,40.2243374339854],[-74.0256965504274,40.2242803945838]]}},{"type":"Feature","id":25488,"properties":{"OBJECTID":25488,"PRIMENAME":"2nd Avenue","ELEVTYP_F":0,"ELEVTYP_T":0},"geometry":{"type":"LineString","coordinates":[[-74.0192252633781,40.2242243760871],[-74.0199850647987,40.2243814288516],[-74.0212019400217,40.2246343099494],[-74.021373634978,40.2246699390327]]}},{"type":"Feature","id":33219,"properties":{"OBJECTID":33219,"PRIMENAME":"Bridge Street","ELEVTYP_F":0,"ELEVTYP_T":0},"geometry":{"type":"LineString","coordinates":[[-74.0180780461838,40.2289312709852],[-74.0181128659948,40.2288353253763],[-74.018170102208,40.2286776097161],[-74.0184031233516,40.2280355882022]]}},{"type":"Feature","id":35720,"properties":{"OBJECTID":35720,"PRIMENAME":"Mount Carmel Way","ELEVTYP_F":0,"ELEVTYP_T":0},"geometry":{"type":"LineString","coordinates":[[-74.0090666556571,40.2139923040299],[-74.0082719805652,40.2138244079902]]}},{"type":"Feature","id":39861,"properties":{"OBJECTID":39861,"PRIMENAME":"6th Avenue","ELEVTYP_F":0,"ELEVTYP_T":0},"geometry":{"type":"LineString","coordinates":[[-74.0011002087963,40.2262969781641],[-73.9999559413521,40.2259953616871]]}},{"type":"Feature","id":40876,"properties":{"OBJECTID":40876,"PRIMENAME":"Sunset Avenue","ELEVTYP_F":0,"ELEVTYP_T":0},"geometry":{"type":"LineString","coordinates":[[-74.0213679959215,40.2305187445954],[-74.0221724837768,40.2307700732302],[-74.0221960007616,40.2307773630573]]}},{"type":"Feature","id":41433,"properties":{"OBJECTID":41433,"PRIMENAME":"Bergh Street","ELEVTYP_F":0,"ELEVTYP_T":0},"geometry":{"type":"LineString","coordinates":[[-74.0035649844659,40.2220435229106],[-74.0032068590994,40.2230428484122],[-74.003188329817,40.2230938026256]]}},{"type":"Feature","id":41437,"properties":{"OBJECTID":41437,"PRIMENAME":"Sunset Avenue","ELEVTYP_F":0,"ELEVTYP_T":0},"geometry":{"type":"LineString","coordinates":[[-74.006612110161,40.2264961366817],[-74.0066273415934,40.2264947740478],[-74.0067483568181,40.22646583344],[-74.0068803571398,40.2264432531983],[-74.007028643302,40.2264417709959],[-74.0071437979915,40.2264654040956],[-74.0072800188732,40.2264931068184],[-74.0074333526052,40.2265265753388],[-74.0082048547658,40.2266949721023]]}},{"type":"Feature","id":42862,"properties":{"OBJECTID":42862,"PRIMENAME":"Unnamed Segment","ELEVTYP_F":0,"ELEVTYP_T":0},"geometry":{"type":"LineString","coordinates":[[-74.0194125349936,40.2237090699644],[-74.0194567768196,40.2237262519953],[-74.0195276937303,40.2237407391564],[-74.0196762882658,40.2237707573597],[-74.0198539311424,40.2238106141049],[-74.0200271239571,40.2238518796861],[-74.0201715470514,40.2238844882957],[-74.0202516120122,40.2239017581784]]}},{"type":"Feature","id":42868,"properties":{"OBJECTID":42868,"PRIMENAME":"Comstock Street","ELEVTYP_F":0,"ELEVTYP_T":0},"geometry":{"type":"LineString","coordinates":[[-74.0153775338663,40.2251219753846],[-74.0155245811654,40.2247107489693],[-74.0155730565886,40.2245825568946]]}},{"type":"Feature","id":43389,"properties":{"OBJECTID":43389,"PRIMENAME":"4th Avenue","ELEVTYP_F":0,"ELEVTYP_T":0},"geometry":{"type":"LineString","coordinates":[[-74.0261472656962,40.2251091087774],[-74.0250060806894,40.225429853127]]}},{"type":"Feature","id":43589,"properties":{"OBJECTID":43589,"PRIMENAME":"Lake Avenue","ELEVTYP_F":0,"ELEVTYP_T":0},"geometry":{"type":"LineString","coordinates":[[-74.0136699092744,40.2152016928849],[-74.0135187519351,40.2151724244636],[-74.0131067709786,40.215086193093]]}},{"type":"Feature","id":43650,"properties":{"OBJECTID":43650,"PRIMENAME":"Pine Street","ELEVTYP_F":0,"ELEVTYP_T":0},"geometry":{"type":"LineString","coordinates":[[-74.0186050550371,40.2218176749107],[-74.0185661494058,40.2219257583406],[-74.0182240656301,40.2228757281271]]}},{"type":"Feature","id":43782,"properties":{"OBJECTID":43782,"PRIMENAME":"Memorial Drive","ELEVTYP_F":0,"ELEVTYP_T":0},"geometry":{"type":"LineString","coordinates":[[-74.012317531097,40.2227632545792],[-74.0121409196101,40.2232546507445],[-74.0119355094387,40.2238210905566]]}},{"type":"Feature","id":44081,"properties":{"OBJECTID":44081,"PRIMENAME":"Deal Lake Drive","ELEVTYP_F":0,"ELEVTYP_T":0},"geometry":{"type":"LineString","coordinates":[[-73.9999330297703,40.2295151873817],[-73.999603364453,40.229428138721],[-73.9989390681211,40.2292870419015],[-73.998858336694,40.22927238976],[-73.9987723781314,40.2292673502787]]}},{"type":"Feature","id":44184,"properties":{"OBJECTID":44184,"PRIMENAME":"Main Street","ELEVTYP_F":0,"ELEVTYP_T":0},"geometry":{"type":"LineString","coordinates":[[-74.0137045309803,40.2150973262668],[-74.0136699092744,40.2152016928849]]}},{"type":"Feature","id":44337,"properties":{"OBJECTID":44337,"PRIMENAME":"New Street","ELEVTYP_F":0,"ELEVTYP_T":0},"geometry":{"type":"LineString","coordinates":[[-74.0190309126159,40.2247591663509],[-74.0192252633781,40.2242243760871]]}},{"type":"Feature","id":44434,"properties":{"OBJECTID":44434,"PRIMENAME":"Asbury Avenue","ELEVTYP_F":0,"ELEVTYP_T":0},"geometry":{"type":"LineString","coordinates":[[-74.0192330689249,40.2219498888686],[-74.0186856576063,40.2218346193693],[-74.0186050550371,40.2218176749107]]}},{"type":"Feature","id":44648,"properties":{"OBJECTID":44648,"PRIMENAME":"Ocean Avenue","ELEVTYP_F":0,"ELEVTYP_T":0},"geometry":{"type":"LineString","coordinates":[[-73.997722869408,40.2282261417487],[-73.9975231856952,40.2288852039765],[-73.9974917276251,40.228994732813],[-73.9974657621517,40.2290851381731],[-73.9974403426162,40.2291612901141],[-73.9974643884025,40.2292710121902],[-73.9976050063001,40.2295957264224],[-73.9976354950008,40.2296768982102],[-73.9976661263034,40.2297389368062],[-73.9976658581919,40.2297752271789]]}},{"type":"Feature","id":44703,"properties":{"OBJECTID":44703,"PRIMENAME":"Dewitt Avenue","ELEVTYP_F":0,"ELEVTYP_T":0},"geometry":{"type":"LineString","coordinates":[[-74.0232687779326,40.2152557893508],[-74.023440785431,40.2139246937204],[-74.0235263762106,40.2132435096823]]}},{"type":"Feature","id":44903,"properties":{"OBJECTID":44903,"PRIMENAME":"Prospect Avenue","ELEVTYP_F":0,"ELEVTYP_T":0},"geometry":{"type":"LineString","coordinates":[[-74.0234335053054,40.2249870324137],[-74.0229717373634,40.2240744484966],[-74.0222787654242,40.2227084929922],[-74.0222131728828,40.2225784266779]]}},{"type":"Feature","id":44981,"properties":{"OBJECTID":44981,"PRIMENAME":"Atlantic Avenue","ELEVTYP_F":0,"ELEVTYP_T":0},"geometry":{"type":"LineString","coordinates":[[-74.0186337730303,40.216481136312],[-74.0187289046203,40.2164514467767]]}},{"type":"Feature","id":45088,"properties":{"OBJECTID":45088,"PRIMENAME":"4th Avenue","ELEVTYP_F":0,"ELEVTYP_T":0},"geometry":{"type":"LineString","coordinates":[[-74.0042267721334,40.2233213339838],[-74.0032782728033,40.2231163153999],[-74.003188329817,40.2230938026256]]}},{"type":"Feature","id":45145,"properties":{"OBJECTID":45145,"PRIMENAME":"Whitesville Road","ELEVTYP_F":0,"ELEVTYP_T":0},"geometry":{"type":"LineString","coordinates":[[-74.0188403218443,40.2252835673285],[-74.0174601853397,40.2249874575873]]}},{"type":"Feature","id":45203,"properties":{"OBJECTID":45203,"PRIMENAME":"Sunset Avenue","ELEVTYP_F":0,"ELEVTYP_T":0},"geometry":{"type":"LineString","coordinates":[[-74.0143328751569,40.2279923360887],[-74.0153827910567,40.2282138305471]]}},{"type":"Feature","id":45350,"properties":{"OBJECTID":45350,"PRIMENAME":"Asbury Avenue","ELEVTYP_F":0,"ELEVTYP_T":0},"geometry":{"type":"LineString","coordinates":[[-74.0186050550371,40.2218176749107],[-74.0172515519168,40.2215331758497],[-74.0167064823316,40.2214168637831]]}},{"type":"Feature","id":45538,"properties":{"OBJECTID":45538,"PRIMENAME":"6th Avenue","ELEVTYP_F":0,"ELEVTYP_T":0},"geometry":{"type":"LineString","coordinates":[[-73.9984960652019,40.2258361118343],[-73.9998960815792,40.2261576765401]]}},{"type":"Feature","id":45931,"properties":{"OBJECTID":45931,"PRIMENAME":"Memorial Drive","ELEVTYP_F":0,"ELEVTYP_T":0},"geometry":{"type":"LineString","coordinates":[[-74.0130792398865,40.2206435063597],[-74.0126969477809,40.2217073561117]]}},{"type":"Feature","id":46124,"properties":{"OBJECTID":46124,"PRIMENAME":"Emory Street","ELEVTYP_F":0,"ELEVTYP_T":0},"geometry":{"type":"LineString","coordinates":[[-74.0098301863061,40.2175637341952],[-74.0096659730005,40.2180088400166],[-74.009562014912,40.2182967051358]]}},{"type":"Feature","id":46184,"properties":{"OBJECTID":46184,"PRIMENAME":"Sunset Avenue","ELEVTYP_F":0,"ELEVTYP_T":0},"geometry":{"type":"LineString","coordinates":[[-74.0004144267715,40.2247354625155],[-74.0015209736408,40.2249671552074],[-74.0015744965761,40.2249797113622]]}},{"type":"Feature","id":46266,"properties":{"OBJECTID":46266,"PRIMENAME":"Bangs Avenue","ELEVTYP_F":0,"ELEVTYP_T":0},"geometry":{"type":"LineString","coordinates":[[-74.010088389192,40.2168418111997],[-74.0116425372444,40.2171741846172]]}},{"type":"Feature","id":46405,"properties":{"OBJECTID":46405,"PRIMENAME":"Woodlock Avenue","ELEVTYP_F":0,"ELEVTYP_T":0},"geometry":{"type":"LineString","coordinates":[[-74.0197853844269,40.2316663439324],[-74.0198286193469,40.2315849074121],[-74.0205324873831,40.2302584409003]]}},{"type":"Feature","id":46585,"properties":{"OBJECTID":46585,"PRIMENAME":"Bond Street","ELEVTYP_F":0,"ELEVTYP_T":0},"geometry":{"type":"LineString","coordinates":[[-74.0105751446873,40.2201137367367],[-74.0107040541066,40.2197623952515],[-74.010852424011,40.2193538153738]]}},{"type":"Feature","id":47753,"properties":{"OBJECTID":47753,"PRIMENAME":"Ridge Avenue","ELEVTYP_F":0,"ELEVTYP_T":0},"geometry":{"type":"LineString","coordinates":[[-74.024990263368,40.2196131013317],[-74.0249916274894,40.2195101323489]]}},{"type":"Feature","id":48158,"properties":{"OBJECTID":48158,"PRIMENAME":"Kingsley Street","ELEVTYP_F":0,"ELEVTYP_T":0},"geometry":{"type":"LineString","coordinates":[[-73.9987723781314,40.2292673502787],[-73.9988101400067,40.2291638531507],[-73.999163693496,40.2281954615643]]}},{"type":"Feature","id":48405,"properties":{"OBJECTID":48405,"PRIMENAME":"Sunset Avenue","ELEVTYP_F":0,"ELEVTYP_T":0},"geometry":{"type":"LineString","coordinates":[[-74.0180780461838,40.2289312709852],[-74.0180943495407,40.2289455045904],[-74.0182783428231,40.2291430153734],[-74.0183350352995,40.2292038726466],[-74.0183728994003,40.2292433209995]]}},{"type":"Feature","id":48549,"properties":{"OBJECTID":48549,"PRIMENAME":"3rd Avenue","ELEVTYP_F":0,"ELEVTYP_T":0},"geometry":{"type":"LineString","coordinates":[[-74.00460591859,40.2222711714515],[-74.0035649844659,40.2220435229106]]}},{"type":"Feature","id":49743,"properties":{"OBJECTID":49743,"PRIMENAME":"Summerfield Avenue","ELEVTYP_F":0,"ELEVTYP_T":0},"geometry":{"type":"LineString","coordinates":[[-74.0202590616346,40.2191544856917],[-74.0188226959759,40.2190529344515],[-74.0187202193357,40.2190456723133]]}},{"type":"Feature","id":50554,"properties":{"OBJECTID":50554,"PRIMENAME":"Sunset Avenue","ELEVTYP_F":0,"ELEVTYP_T":0},"geometry":{"type":"LineString","coordinates":[[-74.0130925528444,40.2277279186778],[-74.0139107360271,40.2279032927521],[-74.0143328751569,40.2279923360887]]}},{"type":"Feature","id":50653,"properties":{"OBJECTID":50653,"PRIMENAME":"Park Avenue","ELEVTYP_F":0,"ELEVTYP_T":0},"geometry":{"type":"LineString","coordinates":[[-74.0019295013084,40.2302054679027],[-74.0021756427556,40.2297109006576],[-74.0024669009736,40.2289972364765],[-74.002500790395,40.2289033027972]]}},{"type":"Feature","id":50868,"properties":{"OBJECTID":50868,"PRIMENAME":"Bond Street","ELEVTYP_F":0,"ELEVTYP_T":0},"geometry":{"type":"LineString","coordinates":[[-74.0094305924938,40.2232911000676],[-74.0098019760223,40.2222284510175]]}},{"type":"Feature","id":51180,"properties":{"OBJECTID":51180,"PRIMENAME":"4th Avenue","ELEVTYP_F":0,"ELEVTYP_T":0},"geometry":{"type":"LineString","coordinates":[[-74.0011225542876,40.2227577662328],[-74.0027788402815,40.2230271951541],[-74.003188329817,40.2230938026256]]}},{"type":"Feature","id":51575,"properties":{"OBJECTID":51575,"PRIMENAME":"Emory Street","ELEVTYP_F":0,"ELEVTYP_T":0},"geometry":{"type":"LineString","coordinates":[[-74.0103317983652,40.2161344293261],[-74.010088389192,40.2168418111997]]}},{"type":"Feature","id":51620,"properties":{"OBJECTID":51620,"PRIMENAME":"6th Avenue","ELEVTYP_F":0,"ELEVTYP_T":0},"geometry":{"type":"LineString","coordinates":[[-73.9998960815792,40.2261576765401],[-74.0010835011654,40.2263433833748]]}},{"type":"Feature","id":51850,"properties":{"OBJECTID":51850,"PRIMENAME":"1st Avenue","ELEVTYP_F":0,"ELEVTYP_T":0},"geometry":{"type":"LineString","coordinates":[[-74.005361372945,40.2201473566352],[-74.0043334965301,40.2199258106689]]}},{"type":"Feature","id":52090,"properties":{"OBJECTID":52090,"PRIMENAME":"Ballard Drive","ELEVTYP_F":0,"ELEVTYP_T":0},"geometry":{"type":"LineString","coordinates":[[-74.0262527727855,40.226806158354],[-74.0252083624261,40.2270817564669],[-74.0248108846018,40.2271884803403]]}},{"type":"Feature","id":52100,"properties":{"OBJECTID":52100,"PRIMENAME":"5th Avenue","ELEVTYP_F":0,"ELEVTYP_T":0},"geometry":{"type":"LineString","coordinates":[[-74.0128263412031,40.2262867246877],[-74.0132330469132,40.2263737310115],[-74.0135533945083,40.2264417327415]]}},{"type":"Feature","id":52500,"properties":{"OBJECTID":52500,"PRIMENAME":"2nd Avenue","ELEVTYP_F":0,"ELEVTYP_T":0},"geometry":{"type":"LineString","coordinates":[[-74.0039546299796,40.2209781706815],[-74.004396248852,40.2210843266922],[-74.0049830626697,40.2212089191179]]}},{"type":"Feature","id":52512,"properties":{"OBJECTID":52512,"PRIMENAME":"Boardwalk","ELEVTYP_F":0,"ELEVTYP_T":0},"geometry":{"type":"LineString","coordinates":[[-73.9975983581406,40.2306354157005],[-73.9977246770039,40.2310737076695],[-73.9977790737025,40.2312836805403],[-73.9978651590851,40.2314174727396],[-73.9979381719202,40.2314977309907]]}},{"type":"Feature","id":53002,"properties":{"OBJECTID":53002,"PRIMENAME":"Asbury Avenue","ELEVTYP_F":0,"ELEVTYP_T":0},"geometry":{"type":"LineString","coordinates":[[-74.0090253564609,40.2197840848644],[-74.008795545146,40.219735232906],[-74.0073821317729,40.2194369667385]]}},{"type":"Feature","id":53071,"properties":{"OBJECTID":53071,"PRIMENAME":"Emory Street","ELEVTYP_F":0,"ELEVTYP_T":0},"geometry":{"type":"LineString","coordinates":[[-74.009562014912,40.2182967051358],[-74.0093706584632,40.2188265512325],[-74.0093003812669,40.2190211385937]]}},{"type":"Feature","id":53266,"properties":{"OBJECTID":53266,"PRIMENAME":"Norwood Avenue","ELEVTYP_F":0,"ELEVTYP_T":0},"geometry":{"type":"LineString","coordinates":[[-74.0015196480481,40.2309204356001],[-74.001492536967,40.2309665717583],[-74.0012989176393,40.2313017554105],[-74.0011665637342,40.231537083594]]}},{"type":"Feature","id":53397,"properties":{"OBJECTID":53397,"PRIMENAME":"Ocean Avenue","ELEVTYP_F":0,"ELEVTYP_T":0},"geometry":{"type":"LineString","coordinates":[[-74.000839983456,40.2190543351853],[-74.0007847624129,40.2192056068775],[-74.0007536834224,40.2192926892304]]}},{"type":"Feature","id":53807,"properties":{"OBJECTID":53807,"PRIMENAME":"Myrtle Avenue","ELEVTYP_F":0,"ELEVTYP_T":0},"geometry":{"type":"LineString","coordinates":[[-74.0261763501387,40.2191609605782],[-74.0261551848887,40.2190994355786],[-74.0261328895801,40.2188963880473],[-74.0259841190511,40.2175414094106],[-74.0259765164697,40.2174658561097]]}},{"type":"Feature","id":54153,"properties":{"OBJECTID":54153,"PRIMENAME":"Asbury Avenue","ELEVTYP_F":0,"ELEVTYP_T":0},"geometry":{"type":"LineString","coordinates":[[-74.0079029578468,40.2148757531148],[-74.0073378319228,40.2150315853953],[-74.0065709965073,40.2152350833816],[-74.0062748582177,40.215313667796],[-74.0059238206031,40.2154068187555],[-74.0058040577469,40.2154385920432]]}},{"type":"Feature","id":54518,"properties":{"OBJECTID":54518,"PRIMENAME":"Ocean Pathway","ELEVTYP_F":0,"ELEVTYP_T":0},"geometry":{"type":"LineString","coordinates":[[-74.0055573385659,40.2137373768496],[-74.0054264201805,40.2137031882913],[-74.004249225946,40.2133960106798]]}},{"type":"Feature","id":54743,"properties":{"OBJECTID":54743,"PRIMENAME":"Monroe Avenue","ELEVTYP_F":0,"ELEVTYP_T":0},"geometry":{"type":"LineString","coordinates":[[-74.0079202575856,40.2179494639334],[-74.0065847313034,40.217666892643],[-74.0062508970341,40.2175937360952]]}},{"type":"Feature","id":54935,"properties":{"OBJECTID":54935,"PRIMENAME":"Langford Street","ELEVTYP_F":0,"ELEVTYP_T":0},"geometry":{"type":"LineString","coordinates":[[-74.0139688045453,40.223111159626],[-74.0135874655077,40.2241670548501]]}},{"type":"Feature","id":55207,"properties":{"OBJECTID":55207,"PRIMENAME":"New York Avenue","ELEVTYP_F":0,"ELEVTYP_T":0},"geometry":{"type":"LineString","coordinates":[[-74.0084313818796,40.2133958647476],[-74.0085889923185,40.2129721457494]]}},{"type":"Feature","id":55306,"properties":{"OBJECTID":55306,"PRIMENAME":"Boardwalk","ELEVTYP_F":0,"ELEVTYP_T":0},"geometry":{"type":"LineString","coordinates":[[-73.9975722667311,40.2304918547919],[-73.9975912728858,40.2306108300236],[-73.9975983581406,40.2306354157005]]}},{"type":"Feature","id":56836,"properties":{"OBJECTID":56836,"PRIMENAME":"Fisher Avenue","ELEVTYP_F":0,"ELEVTYP_T":0},"geometry":{"type":"LineString","coordinates":[[-74.0266825057904,40.2127489431942],[-74.0266900599388,40.212821201655],[-74.0268888130589,40.2147651870937],[-74.0269705519545,40.2155293598702]]}},{"type":"Feature","id":56963,"properties":{"OBJECTID":56963,"PRIMENAME":"Bath Avenue","ELEVTYP_F":0,"ELEVTYP_T":0},"geometry":{"type":"LineString","coordinates":[[-74.0039094054995,40.2143237393312],[-74.0026325677194,40.2140487044871],[-74.0025240935155,40.2140253703035]]}},{"type":"Feature","id":57162,"properties":{"OBJECTID":57162,"PRIMENAME":"Ocean Avenue","ELEVTYP_F":0,"ELEVTYP_T":0},"geometry":{"type":"LineString","coordinates":[[-74.0000332814688,40.2211508585026],[-73.9999452416641,40.221390007732]]}},{"type":"Feature","id":57655,"properties":{"OBJECTID":57655,"PRIMENAME":"Langford Street","ELEVTYP_F":0,"ELEVTYP_T":0},"geometry":{"type":"LineString","coordinates":[[-74.0135874655077,40.2241670548501],[-74.0133945805395,40.2247011824497]]}},{"type":"Feature","id":57679,"properties":{"OBJECTID":57679,"PRIMENAME":"Webb Street","ELEVTYP_F":0,"ELEVTYP_T":0},"geometry":{"type":"LineString","coordinates":[[-74.0007010827024,40.2274041715952],[-74.0003575377501,40.2283447193502],[-74.0003238317259,40.2284376381444]]}},{"type":"Feature","id":58035,"properties":{"OBJECTID":58035,"PRIMENAME":"Deal Lake Drive","ELEVTYP_F":0,"ELEVTYP_T":0},"geometry":{"type":"LineString","coordinates":[[-74.0058376798219,40.2304080729576],[-74.005651979625,40.2304160641749],[-74.0052834677098,40.2304287922376],[-74.0050502417491,40.2304313644678],[-74.0049010564138,40.2304271570543],[-74.0047471947684,40.2304157655213],[-74.0045421694704,40.2303970160781],[-74.0042299938158,40.2303563678363],[-74.0039457379655,40.2303229753147],[-74.0037546709151,40.2303007158509],[-74.0036195596597,40.2302822654124],[-74.0035204234575,40.2302763497289]]}},{"type":"Feature","id":58467,"properties":{"OBJECTID":58467,"PRIMENAME":"Whitesville Road","ELEVTYP_F":0,"ELEVTYP_T":0},"geometry":{"type":"LineString","coordinates":[[-74.0234335053054,40.2249870324137],[-74.0228731729425,40.2251368101589]]}},{"type":"Feature","id":58988,"properties":{"OBJECTID":58988,"PRIMENAME":"7th Avenue","ELEVTYP_F":0,"ELEVTYP_T":0},"geometry":{"type":"LineString","coordinates":[[-74.0007010827024,40.2274041715952],[-74.001172217366,40.2274807910365]]}},{"type":"Feature","id":59355,"properties":{"OBJECTID":59355,"PRIMENAME":"Memorial Drive","ELEVTYP_F":0,"ELEVTYP_T":0},"geometry":{"type":"LineString","coordinates":[[-74.0161351126758,40.2138555889207],[-74.016383910013,40.2133283110209],[-74.0165229300731,40.213014341251],[-74.0165492849578,40.2129438702029]]}},{"type":"Feature","id":59386,"properties":{"OBJECTID":59386,"PRIMENAME":"Bryan Avenue","ELEVTYP_F":0,"ELEVTYP_T":0},"geometry":{"type":"LineString","coordinates":[[-74.0235127352425,40.2282828346817],[-74.0234590199678,40.2282660871547],[-74.0233847456038,40.2282085978314],[-74.0232732572265,40.2281461780376],[-74.0231678666888,40.2281028360167],[-74.0230561780512,40.2280690204462],[-74.0227023531841,40.2279817461223]]}},{"type":"Feature","id":59511,"properties":{"OBJECTID":59511,"PRIMENAME":"4th Avenue","ELEVTYP_F":0,"ELEVTYP_T":0},"geometry":{"type":"LineString","coordinates":[[-73.9995838162059,40.2224623791224],[-73.9997595910802,40.2224961367648],[-74.0009915908182,40.2227326323267],[-74.0011225542876,40.2227577662328]]}},{"type":"Feature","id":59525,"properties":{"OBJECTID":59525,"PRIMENAME":"Langford Street","ELEVTYP_F":0,"ELEVTYP_T":0},"geometry":{"type":"LineString","coordinates":[[-74.0133583153001,40.2269862832906],[-74.0132770011078,40.2272132198632]]}},{"type":"Feature","id":59774,"properties":{"OBJECTID":59774,"PRIMENAME":"Mount Tabor Way","ELEVTYP_F":0,"ELEVTYP_T":0},"geometry":{"type":"LineString","coordinates":[[-74.011205631123,40.2139918297717],[-74.0115717837254,40.2140708195841]]}},{"type":"Feature","id":59794,"properties":{"OBJECTID":59794,"PRIMENAME":"5th Avenue","ELEVTYP_F":0,"ELEVTYP_T":0},"geometry":{"type":"LineString","coordinates":[[-74.0108193803911,40.2258600493696],[-74.0111697655763,40.2259340597082]]}},{"type":"Feature","id":59848,"properties":{"OBJECTID":59848,"PRIMENAME":"4th Avenue","ELEVTYP_F":0,"ELEVTYP_T":0},"geometry":{"type":"LineString","coordinates":[[-74.007498589751,40.2240219985328],[-74.0062136163786,40.2237501759808],[-74.00609046246,40.2237241237465],[-74.0058495971903,40.2236720610349]]}},{"type":"Feature","id":60312,"properties":{"OBJECTID":60312,"PRIMENAME":"Steiner Place","ELEVTYP_F":0,"ELEVTYP_T":0},"geometry":{"type":"LineString","coordinates":[[-74.0096786871028,40.2291805111354],[-74.0099899308892,40.2282715330581],[-74.0100091748581,40.228215474027]]}},{"type":"Feature","id":60375,"properties":{"OBJECTID":60375,"PRIMENAME":"1st Avenue","ELEVTYP_F":0,"ELEVTYP_T":0},"geometry":{"type":"LineString","coordinates":[[-74.0196084743401,40.2231699254028],[-74.0182240656301,40.2228757281271]]}},{"type":"Feature","id":60386,"properties":{"OBJECTID":60386,"PRIMENAME":"Pine Street","ELEVTYP_F":0,"ELEVTYP_T":0},"geometry":{"type":"LineString","coordinates":[[-74.0170744634113,40.2260512788581],[-74.016739616834,40.2269749741635],[-74.0166923246424,40.2271080307268]]}},{"type":"Feature","id":60482,"properties":{"OBJECTID":60482,"PRIMENAME":"Main Street","ELEVTYP_F":0,"ELEVTYP_T":0},"geometry":{"type":"LineString","coordinates":[[-74.0126119618953,40.2181642816805],[-74.0123683832667,40.2188392189597],[-74.0123484208583,40.2188945342026]]}},{"type":"Feature","id":61683,"properties":{"OBJECTID":61683,"PRIMENAME":"Main Street","ELEVTYP_F":0,"ELEVTYP_T":0},"geometry":{"type":"LineString","coordinates":[[-74.0131413946741,40.2167030449685],[-74.0128698554704,40.2174366409532]]}},{"type":"Feature","id":61691,"properties":{"OBJECTID":61691,"PRIMENAME":"Bond Street","ELEVTYP_F":0,"ELEVTYP_T":0},"geometry":{"type":"LineString","coordinates":[[-74.0118951303131,40.2164526175251],[-74.0121125115504,40.2158315432489],[-74.0121445818495,40.2157487986752]]}},{"type":"Feature","id":63074,"properties":{"OBJECTID":63074,"PRIMENAME":"Mount Hermon Way","ELEVTYP_F":0,"ELEVTYP_T":0},"geometry":{"type":"LineString","coordinates":[[-74.0124793484624,40.213807642482],[-74.0117207521716,40.2136462357596]]}},{"type":"Feature","id":63742,"properties":{"OBJECTID":63742,"PRIMENAME":"Pennsylvania Avenue","ELEVTYP_F":0,"ELEVTYP_T":0},"geometry":{"type":"LineString","coordinates":[[-74.0088465494809,40.2146156407809],[-74.0088579757516,40.2145805225606],[-74.0089092090221,40.2144231900398]]}},{"type":"Feature","id":63850,"properties":{"OBJECTID":63850,"PRIMENAME":"Central Avenue","ELEVTYP_F":0,"ELEVTYP_T":0},"geometry":{"type":"LineString","coordinates":[[-74.0057246944995,40.2132810901314],[-74.0055573385659,40.2137373768496]]}},{"type":"Feature","id":64011,"properties":{"OBJECTID":64011,"PRIMENAME":"5th Avenue","ELEVTYP_F":0,"ELEVTYP_T":0},"geometry":{"type":"LineString","coordinates":[[-74.0027982249053,40.2241648051758],[-74.003119042071,40.2242343473163],[-74.0038418139429,40.2243859934466]]}},{"type":"Feature","id":64800,"properties":{"OBJECTID":64800,"PRIMENAME":"6th Avenue","ELEVTYP_F":0,"ELEVTYP_T":0},"geometry":{"type":"LineString","coordinates":[[-74.0032555231648,40.2267848818858],[-74.0012612648014,40.2263612252769]]}},{"type":"Feature","id":65942,"properties":{"OBJECTID":65942,"PRIMENAME":"1st Avenue","ELEVTYP_F":0,"ELEVTYP_T":0},"geometry":{"type":"LineString","coordinates":[[-74.0069990375891,40.2204915426532],[-74.0062384197394,40.2203337635007],[-74.0059130898545,40.22026627596],[-74.005361372945,40.2201473566352]]}},{"type":"Feature","id":66798,"properties":{"OBJECTID":66798,"PRIMENAME":"Main Street","ELEVTYP_F":0,"ELEVTYP_T":0},"geometry":{"type":"LineString","coordinates":[[-74.0106641115943,40.2235520964496],[-74.0105827201125,40.2237740898542],[-74.0102845212133,40.2246112538402]]}},{"type":"Feature","id":67017,"properties":{"OBJECTID":67017,"PRIMENAME":"Mattison Avenue","ELEVTYP_F":0,"ELEVTYP_T":0},"geometry":{"type":"LineString","coordinates":[[-74.0179810922348,40.2176374404797],[-74.0179249730587,40.2176479409635],[-74.0178298593443,40.2176632200705],[-74.0177332362668,40.217668994336],[-74.0176207016663,40.2176512307302],[-74.0175584187221,40.2176380717465],[-74.0174008725941,40.2176047836892]]}},{"type":"Feature","id":67031,"properties":{"OBJECTID":67031,"PRIMENAME":"Delaware Avenue","ELEVTYP_F":0,"ELEVTYP_T":0},"geometry":{"type":"LineString","coordinates":[[-74.0108039419276,40.2139051680162],[-74.0107453959234,40.214064226798],[-74.0107262591332,40.2141161686801]]}},{"type":"Feature","id":67078,"properties":{"OBJECTID":67078,"PRIMENAME":"Memorial Drive","ELEVTYP_F":0,"ELEVTYP_T":0},"geometry":{"type":"LineString","coordinates":[[-74.0111697655763,40.2259340597082],[-74.0107098517682,40.2272248245234]]}},{"type":"Feature","id":68218,"properties":{"OBJECTID":68218,"PRIMENAME":"Central Avenue","ELEVTYP_F":0,"ELEVTYP_T":0},"geometry":{"type":"LineString","coordinates":[[-74.0217668238528,40.2254518180891],[-74.0216946276407,40.2253083276929],[-74.021373634978,40.2246699390327]]}},{"type":"Feature","id":68274,"properties":{"OBJECTID":68274,"PRIMENAME":"Asbury Avenue","ELEVTYP_F":0,"ELEVTYP_T":0},"geometry":{"type":"LineString","coordinates":[[-74.0097824317718,40.214361059633],[-74.0095678931983,40.2144167030904],[-74.0094513867338,40.2144488263081],[-74.0092648815303,40.214500247668]]}},{"type":"Feature","id":69830,"properties":{"OBJECTID":69830,"PRIMENAME":"6th Avenue","ELEVTYP_F":0,"ELEVTYP_T":0},"geometry":{"type":"LineString","coordinates":[[-74.0062728116796,40.2274259591994],[-74.0061870575435,40.2274077376017],[-74.0052221997848,40.2272027039198],[-74.0046658724903,40.2270845578095]]}},{"type":"Feature","id":70049,"properties":{"OBJECTID":70049,"PRIMENAME":"Sunset Avenue","ELEVTYP_F":0,"ELEVTYP_T":0},"geometry":{"type":"LineString","coordinates":[[-74.0103583748241,40.2271524284837],[-74.0107098517682,40.2272248245234]]}},{"type":"Feature","id":70522,"properties":{"OBJECTID":70522,"PRIMENAME":"Deal Lake Drive","ELEVTYP_F":0,"ELEVTYP_T":0},"geometry":{"type":"LineString","coordinates":[[-73.9987723781314,40.2292673502787],[-73.9986843425216,40.2292620828748],[-73.998522529381,40.2292804607601],[-73.9983481117667,40.2293178365322],[-73.9981796803108,40.2293885924542],[-73.9980113188193,40.2294545992077],[-73.997904886695,40.2295494525976],[-73.9977920810036,40.2296681063187],[-73.9977335649249,40.2297784517906]]}},{"type":"Feature","id":71070,"properties":{"OBJECTID":71070,"PRIMENAME":"Bergh Street","ELEVTYP_F":0,"ELEVTYP_T":0},"geometry":{"type":"LineString","coordinates":[[-74.0043334965301,40.2199258106689],[-74.0039809752109,40.2209062479958],[-74.0039546299796,40.2209781706815]]}},{"type":"Feature","id":71117,"properties":{"OBJECTID":71117,"PRIMENAME":"Sewall Avenue","ELEVTYP_F":0,"ELEVTYP_T":0},"geometry":{"type":"LineString","coordinates":[[-74.0255565442435,40.2223286873823],[-74.0271933853254,40.2224089059867],[-74.0273157891146,40.2224148964067]]}},{"type":"Feature","id":71758,"properties":{"OBJECTID":71758,"PRIMENAME":"Prospect Avenue","ELEVTYP_F":0,"ELEVTYP_T":0},"geometry":{"type":"LineString","coordinates":[[-74.0180335610821,40.2177376964732],[-74.0179810922348,40.2176374404797]]}},{"type":"Feature","id":72269,"properties":{"OBJECTID":72269,"PRIMENAME":"Appleby Drive","ELEVTYP_F":0,"ELEVTYP_T":0},"geometry":{"type":"LineString","coordinates":[[-74.0274060537026,40.2301584530176],[-74.0271395040381,40.2300755835874],[-74.0261748180307,40.2297746850581]]}},{"type":"Feature","id":72434,"properties":{"OBJECTID":72434,"PRIMENAME":"4th Avenue","ELEVTYP_F":0,"ELEVTYP_T":0},"geometry":{"type":"LineString","coordinates":[[-74.0102845212133,40.2246112538402],[-74.0090596737858,40.2243521852204]]}},{"type":"Feature","id":73263,"properties":{"OBJECTID":73263,"PRIMENAME":"Mount Hermon Way","ELEVTYP_F":0,"ELEVTYP_T":0},"geometry":{"type":"LineString","coordinates":[[-74.0101714976416,40.2133166013609],[-74.0099739951006,40.2132745597122],[-74.0093796515339,40.2131445250563]]}},{"type":"Feature","id":73632,"properties":{"OBJECTID":73632,"PRIMENAME":"Monroe Avenue","ELEVTYP_F":0,"ELEVTYP_T":0},"geometry":{"type":"LineString","coordinates":[[-74.025567158138,40.2212891996796],[-74.0261633615989,40.2213236147949]]}},{"type":"Feature","id":73745,"properties":{"OBJECTID":73745,"PRIMENAME":"Washington Avenue","ELEVTYP_F":0,"ELEVTYP_T":0},"geometry":{"type":"LineString","coordinates":[[-74.0255771476534,40.220310690934],[-74.0261793772842,40.2203150491607]]}},{"type":"Feature","id":73847,"properties":{"OBJECTID":73847,"PRIMENAME":"Monroe Avenue","ELEVTYP_F":0,"ELEVTYP_T":0},"geometry":{"type":"LineString","coordinates":[[-74.0261633615989,40.2213236147949],[-74.0274248264211,40.2213964699783],[-74.0275643449709,40.2213923452269],[-74.0282943557103,40.2212990471666]]}},{"type":"Feature","id":74369,"properties":{"OBJECTID":74369,"PRIMENAME":"Asbury Avenue","ELEVTYP_F":0,"ELEVTYP_T":0},"geometry":{"type":"LineString","coordinates":[[-74.0092648815303,40.214500247668],[-74.0089863436771,40.21457707899],[-74.0088465494809,40.2146156407809]]}},{"type":"Feature","id":74472,"properties":{"OBJECTID":74472,"PRIMENAME":"Woodlock Avenue","ELEVTYP_F":0,"ELEVTYP_T":0},"geometry":{"type":"LineString","coordinates":[[-74.0205324873831,40.2302584409003],[-74.0210196981836,40.2293402797692],[-74.0211006438456,40.2291877324457]]}},{"type":"Feature","id":74648,"properties":{"OBJECTID":74648,"PRIMENAME":"Pennsylvania Avenue","ELEVTYP_F":0,"ELEVTYP_T":0},"geometry":{"type":"LineString","coordinates":[[-74.0092241040245,40.2135657833316],[-74.0093796515339,40.2131445250563]]}},{"type":"Feature","id":74682,"properties":{"OBJECTID":74682,"PRIMENAME":"Monroe Avenue","ELEVTYP_F":0,"ELEVTYP_T":0},"geometry":{"type":"LineString","coordinates":[[-74.0146311059416,40.2193693177784],[-74.0137733305216,40.2191890809014],[-74.0136027245637,40.2191539936242]]}},{"type":"Feature","id":74867,"properties":{"OBJECTID":74867,"PRIMENAME":"6th Avenue","ELEVTYP_F":0,"ELEVTYP_T":0},"geometry":{"type":"LineString","coordinates":[[-74.0100091748581,40.228215474027],[-74.0094564484739,40.2281024450534],[-74.0090529876455,40.2280167298974]]}},{"type":"Feature","id":74928,"properties":{"OBJECTID":74928,"PRIMENAME":"Ocean Avenue","ELEVTYP_F":0,"ELEVTYP_T":0},"geometry":{"type":"LineString","coordinates":[[-73.9996350363828,40.2222326361661],[-73.9996154134316,40.2222859412345],[-73.9995838162059,40.2224623791224]]}},{"type":"Feature","id":75315,"properties":{"OBJECTID":75315,"PRIMENAME":"2nd Avenue","ELEVTYP_F":0,"ELEVTYP_T":0},"geometry":{"type":"LineString","coordinates":[[-74.0049830626697,40.2212089191179],[-74.00623014325,40.2214738314878],[-74.0064572758279,40.2215220781648],[-74.0066204052253,40.2215563758238]]}},{"type":"Feature","id":75555,"properties":{"OBJECTID":75555,"PRIMENAME":"Sunset Drive","ELEVTYP_F":0,"ELEVTYP_T":0},"geometry":{"type":"LineString","coordinates":[[-74.0153827910567,40.2282138305471],[-74.0153433014367,40.2283322049628],[-74.015273434512,40.2285415944553],[-74.0152544009827,40.2285939489938],[-74.0151918179983,40.2286508703504],[-74.0151418998705,40.2286745172704],[-74.0150609617616,40.2286884528878],[-74.014973860079,40.2286928650646],[-74.0148806305146,40.2286876971945],[-74.0147872650113,40.2287015814326],[-74.0147124932159,40.228729901122],[-74.0146313166739,40.2287772178359],[-74.0145687984865,40.2288198635203],[-74.0144000106506,40.2289430488182],[-74.0143124330586,40.2290189716179],[-74.0142562493072,40.2290473140684],[-74.0141877730698,40.2290565521445],[-74.0140697552035,40.2290417540977],[-74.0139668025456,40.2290288583604]]}},{"type":"Feature","id":75822,"properties":{"OBJECTID":75822,"PRIMENAME":"Grand Avenue","ELEVTYP_F":0,"ELEVTYP_T":0},"geometry":{"type":"LineString","coordinates":[[-74.0081840338694,40.2172123872601],[-74.0079202575856,40.2179494639334]]}},{"type":"Feature","id":75883,"properties":{"OBJECTID":75883,"PRIMENAME":"Bond Street","ELEVTYP_F":0,"ELEVTYP_T":0},"geometry":{"type":"LineString","coordinates":[[-74.0116425372444,40.2171741846172],[-74.0118951303131,40.2164526175251]]}},{"type":"Feature","id":76037,"properties":{"OBJECTID":76037,"PRIMENAME":"Fisher Avenue","ELEVTYP_F":0,"ELEVTYP_T":0},"geometry":{"type":"LineString","coordinates":[[-74.0269705519545,40.2155293598702],[-74.0269798316139,40.2156162846569],[-74.0271450610743,40.217151033431],[-74.0271707679124,40.2173938738071]]}},{"type":"Feature","id":76135,"properties":{"OBJECTID":76135,"PRIMENAME":"Asbury Avenue","ELEVTYP_F":0,"ELEVTYP_T":0},"geometry":{"type":"LineString","coordinates":[[-74.0200896991199,40.2221302372481],[-74.0192330689249,40.2219498888686]]}},{"type":"Feature","id":76487,"properties":{"OBJECTID":76487,"PRIMENAME":"Heck Street","ELEVTYP_F":0,"ELEVTYP_T":0},"geometry":{"type":"LineString","coordinates":[[-74.0062508970341,40.2175937360952],[-74.0062315340545,40.2175033621724],[-74.0059620001123,40.2169492912776],[-74.005926328242,40.2168760324817]]}},{"type":"Feature","id":76762,"properties":{"OBJECTID":76762,"PRIMENAME":"Wickapecko Drive","ELEVTYP_F":0,"ELEVTYP_T":0},"geometry":{"type":"LineString","coordinates":[[-74.0273991286932,40.2257644944563],[-74.0273567174596,40.2256726294907],[-74.0273075678239,40.2255866399794],[-74.0272703596448,40.2255450076701]]}},{"type":"Feature","id":76992,"properties":{"OBJECTID":76992,"PRIMENAME":"New Jersey Avenue","ELEVTYP_F":0,"ELEVTYP_T":0},"geometry":{"type":"LineString","coordinates":[[-74.0098575082702,40.2141593822364],[-74.0100155083712,40.2137353882844]]}},{"type":"Feature","id":77137,"properties":{"OBJECTID":77137,"PRIMENAME":"Atkins Avenue","ELEVTYP_F":0,"ELEVTYP_T":0},"geometry":{"type":"LineString","coordinates":[[-74.0206188861965,40.2161885262009],[-74.020759000164,40.2151479971359],[-74.0207803406432,40.2150720418119]]}},{"type":"Feature","id":77408,"properties":{"OBJECTID":77408,"PRIMENAME":"4th Avenue","ELEVTYP_F":0,"ELEVTYP_T":0},"geometry":{"type":"LineString","coordinates":[[-74.0238254100179,40.2257616244797],[-74.0228800695387,40.2260272316588]]}},{"type":"Feature","id":77461,"properties":{"OBJECTID":77461,"PRIMENAME":"Whitesville Road","ELEVTYP_F":0,"ELEVTYP_T":0},"geometry":{"type":"LineString","coordinates":[[-74.0259721472855,40.2239385475584],[-74.0259050810347,40.2240217352641],[-74.0256965504274,40.2242803945838]]}},{"type":"Feature","id":77720,"properties":{"OBJECTID":77720,"PRIMENAME":"Summerfield Avenue","ELEVTYP_F":0,"ELEVTYP_T":0},"geometry":{"type":"LineString","coordinates":[[-74.024990263368,40.2196131013317],[-74.0250903070173,40.2196203749581],[-74.0255838285455,40.2196562306854]]}},{"type":"Feature","id":78166,"properties":{"OBJECTID":78166,"PRIMENAME":"Wickapecko Drive","ELEVTYP_F":0,"ELEVTYP_T":0},"geometry":{"type":"LineString","coordinates":[[-74.0269008644669,40.2252284706873],[-74.0267084425033,40.2250770154594],[-74.0265908747687,40.2249844780878]]}},{"type":"Feature","id":78293,"properties":{"OBJECTID":78293,"PRIMENAME":"Laurel Avenue","ELEVTYP_F":0,"ELEVTYP_T":0},"geometry":{"type":"LineString","coordinates":[[-74.0238532689848,40.23129143144],[-74.0233246120154,40.2322904459902],[-74.0232780023921,40.2323785690864]]}},{"type":"Feature","id":78298,"properties":{"OBJECTID":78298,"PRIMENAME":"Heck Street","ELEVTYP_F":0,"ELEVTYP_T":0},"geometry":{"type":"LineString","coordinates":[[-74.0042267721334,40.2233213339838],[-74.0045734875183,40.2223623938859],[-74.00460591859,40.2222711714515]]}},{"type":"Feature","id":78418,"properties":{"OBJECTID":78418,"PRIMENAME":"Pilgrim Pathway","ELEVTYP_F":0,"ELEVTYP_T":0},"geometry":{"type":"LineString","coordinates":[[-74.0065204844916,40.2134514510277],[-74.0065656724483,40.2133254776384],[-74.0066556736812,40.2130745829864],[-74.0066750071447,40.2130206935584]]}},{"type":"Feature","id":78794,"properties":{"OBJECTID":78794,"PRIMENAME":"3rd Avenue","ELEVTYP_F":0,"ELEVTYP_T":0},"geometry":{"type":"LineString","coordinates":[[-74.0106641115943,40.2235520964496],[-74.0094305924938,40.2232911000676]]}},{"type":"Feature","id":78809,"properties":{"OBJECTID":78809,"PRIMENAME":"7th Avenue","ELEVTYP_F":0,"ELEVTYP_T":0},"geometry":{"type":"LineString","coordinates":[[-74.0028761328463,40.2278425604387],[-74.0042851510776,40.2281407806849]]}},{"type":"Feature","id":78915,"properties":{"OBJECTID":78915,"PRIMENAME":"Cookman Avenue","ELEVTYP_F":0,"ELEVTYP_T":0},"geometry":{"type":"LineString","coordinates":[[-74.0103773706404,40.2160019983131],[-74.0104203495235,40.2159912270452],[-74.0105635732188,40.215958478188],[-74.0107130294401,40.2159257275777],[-74.0109432344552,40.2158981221505],[-74.0120010536009,40.2157691405645],[-74.0121445818495,40.2157487986752]]}},{"type":"Feature","id":79056,"properties":{"OBJECTID":79056,"PRIMENAME":"Fisher Avenue","ELEVTYP_F":0,"ELEVTYP_T":0},"geometry":{"type":"LineString","coordinates":[[-74.0272956810699,40.2185731128344],[-74.0273304455382,40.2189012845375],[-74.0273613160397,40.2191926812347],[-74.0273674998491,40.2192509879915]]}},{"type":"Feature","id":79127,"properties":{"OBJECTID":79127,"PRIMENAME":"Church Street","ELEVTYP_F":0,"ELEVTYP_T":0},"geometry":{"type":"LineString","coordinates":[[-74.0215944272913,40.2209946352829],[-74.0218375098154,40.2209098508729],[-74.0218548234529,40.220749629179]]}},{"type":"Feature","id":79255,"properties":{"OBJECTID":79255,"PRIMENAME":"New York Avenue","ELEVTYP_F":0,"ELEVTYP_T":0},"geometry":{"type":"LineString","coordinates":[[-74.0079717748693,40.2146739404767],[-74.0081159189037,40.2142512629014]]}},{"type":"Feature","id":79300,"properties":{"OBJECTID":79300,"PRIMENAME":"Summerfield Avenue","ELEVTYP_F":0,"ELEVTYP_T":0},"geometry":{"type":"LineString","coordinates":[[-74.0255838285455,40.2196562306854],[-74.0261891754683,40.2197002077221]]}},{"type":"Feature","id":79702,"properties":{"OBJECTID":79702,"PRIMENAME":"1st Avenue","ELEVTYP_F":0,"ELEVTYP_T":0},"geometry":{"type":"LineString","coordinates":[[-74.0143436191214,40.2220547149707],[-74.0128287208369,40.2217349516274],[-74.0126969477809,40.2217073561117]]}},{"type":"Feature","id":79782,"properties":{"OBJECTID":79782,"PRIMENAME":"Asbury Avenue","ELEVTYP_F":0,"ELEVTYP_T":0},"geometry":{"type":"LineString","coordinates":[[-74.0088465494809,40.2146156407809],[-74.0083332764079,40.2147571205833]]}},{"type":"Feature","id":79801,"properties":{"OBJECTID":79801,"PRIMENAME":"Memorial Drive","ELEVTYP_F":0,"ELEVTYP_T":0},"geometry":{"type":"LineString","coordinates":[[-74.0126969477809,40.2217073561117],[-74.012317531097,40.2227632545792]]}},{"type":"Feature","id":79990,"properties":{"OBJECTID":79990,"PRIMENAME":"Emory Street","ELEVTYP_F":0,"ELEVTYP_T":0},"geometry":{"type":"LineString","coordinates":[[-74.0090253564609,40.2197840848644],[-74.0086503052853,40.2208340330656]]}},{"type":"Feature","id":80719,"properties":{"OBJECTID":80719,"PRIMENAME":"Central Avenue","ELEVTYP_F":0,"ELEVTYP_T":0},"geometry":{"type":"LineString","coordinates":[[-74.0207378168089,40.2234099296543],[-74.0203700311809,40.2226958221826],[-74.0201309409487,40.2222134527302],[-74.0200896991199,40.2221302372481]]}},{"type":"Feature","id":80737,"properties":{"OBJECTID":80737,"PRIMENAME":"Prospect Avenue","ELEVTYP_F":0,"ELEVTYP_T":0},"geometry":{"type":"LineString","coordinates":[[-74.0193007914301,40.2201307016746],[-74.0192877390633,40.2201129132661],[-74.0192202509706,40.2199887124125],[-74.0191568130941,40.2198691676966]]}},{"type":"Feature","id":80954,"properties":{"OBJECTID":80954,"PRIMENAME":"New Street","ELEVTYP_F":0,"ELEVTYP_T":0},"geometry":{"type":"LineString","coordinates":[[-74.0188403218443,40.2252835673285],[-74.0188788926928,40.2251775143906],[-74.0190309126159,40.2247591663509]]}},{"type":"Feature","id":81064,"properties":{"OBJECTID":81064,"PRIMENAME":"Asbury Avenue","ELEVTYP_F":0,"ELEVTYP_T":0},"geometry":{"type":"LineString","coordinates":[[-74.0222131728828,40.2225784266779],[-74.0217339551174,40.2224763830859],[-74.0215411344637,40.2224357801715]]}},{"type":"Feature","id":81092,"properties":{"OBJECTID":81092,"PRIMENAME":"Memorial Drive","ELEVTYP_F":0,"ELEVTYP_T":0},"geometry":{"type":"LineString","coordinates":[[-74.0136027245637,40.2191539936242],[-74.0133462119769,40.2198838662338]]}},{"type":"Feature","id":81421,"properties":{"OBJECTID":81421,"PRIMENAME":"Ridge Avenue","ELEVTYP_F":0,"ELEVTYP_T":0},"geometry":{"type":"LineString","coordinates":[[-74.024983314688,40.2203158562002],[-74.0249837977592,40.2200877012088],[-74.024990263368,40.2196131013317]]}},{"type":"Feature","id":81426,"properties":{"OBJECTID":81426,"PRIMENAME":"5th Avenue","ELEVTYP_F":0,"ELEVTYP_T":0},"geometry":{"type":"LineString","coordinates":[[-74.0099036558077,40.2256666440791],[-74.0108193803911,40.2258600493696]]}},{"type":"Feature","id":81565,"properties":{"OBJECTID":81565,"PRIMENAME":"Drury Lane","ELEVTYP_F":0,"ELEVTYP_T":0},"geometry":{"type":"LineString","coordinates":[[-74.0123828368744,40.2275758368057],[-74.0123445843613,40.227685704992],[-74.0122303037673,40.2280140766539],[-74.0121421108688,40.2281757560373],[-74.0120481295349,40.2282754791402],[-74.0119417189246,40.2283703176647],[-74.0118231540788,40.228431778271],[-74.0116921949012,40.2284836600888],[-74.0116330486534,40.2284929504274]]}},{"type":"Feature","id":81626,"properties":{"OBJECTID":81626,"PRIMENAME":"2nd Avenue","ELEVTYP_F":0,"ELEVTYP_T":0},"geometry":{"type":"LineString","coordinates":[[-74.0139688045453,40.223111159626],[-74.0158625499938,40.2235254478119],[-74.015947625011,40.2235431811532]]}},{"type":"Feature","id":81810,"properties":{"OBJECTID":81810,"PRIMENAME":"Pilgrim Pathway","ELEVTYP_F":0,"ELEVTYP_T":0},"geometry":{"type":"LineString","coordinates":[[-74.007031386075,40.2135623128854],[-74.0071650810418,40.2131244111039]]}},{"type":"Feature","id":81935,"properties":{"OBJECTID":81935,"PRIMENAME":"Sewall Avenue","ELEVTYP_F":0,"ELEVTYP_T":0},"geometry":{"type":"LineString","coordinates":[[-74.0143459320283,40.2200932054376],[-74.0149893563371,40.2202279614052]]}},{"type":"Feature","id":81952,"properties":{"OBJECTID":81952,"PRIMENAME":"Webb Street","ELEVTYP_F":0,"ELEVTYP_T":0},"geometry":{"type":"LineString","coordinates":[[-74.0003238317259,40.2284376381444],[-73.9999640312279,40.2294296974593],[-73.9999330297703,40.2295151873817]]}},{"type":"Feature","id":82026,"properties":{"OBJECTID":82026,"PRIMENAME":"Pine Street","ELEVTYP_F":0,"ELEVTYP_T":0},"geometry":{"type":"LineString","coordinates":[[-74.019068731883,40.2210976575604],[-74.0192133076025,40.2218474366112],[-74.0192330689249,40.2219498888686]]}},{"type":"Feature","id":82069,"properties":{"OBJECTID":82069,"PRIMENAME":"Borden Avenue","ELEVTYP_F":0,"ELEVTYP_T":0},"geometry":{"type":"LineString","coordinates":[[-74.0223248376758,40.2128333588961],[-74.0222772072007,40.2131858995741],[-74.0222737227002,40.2132116642163]]}},{"type":"Feature","id":82073,"properties":{"OBJECTID":82073,"PRIMENAME":"Jeffrey Street","ELEVTYP_F":0,"ELEVTYP_T":0},"geometry":{"type":"LineString","coordinates":[[-74.0205772182484,40.2256567987446],[-74.0206405579267,40.22577104353],[-74.0210613750969,40.2265301721533]]}},{"type":"Feature","id":82398,"properties":{"OBJECTID":82398,"PRIMENAME":"South Wanamassa Drive","ELEVTYP_F":0,"ELEVTYP_T":0},"geometry":{"type":"LineString","coordinates":[[-74.0224151986774,40.2286519367005],[-74.0223674159308,40.2286881157551],[-74.022311136989,40.2287355415073],[-74.0222718163985,40.2288009218169]]}},{"type":"Feature","id":82801,"properties":{"OBJECTID":82801,"PRIMENAME":"Monroe Avenue","ELEVTYP_F":0,"ELEVTYP_T":0},"geometry":{"type":"LineString","coordinates":[[-74.0111153295245,40.218629796302],[-74.0096886293051,40.2183234861789],[-74.009562014912,40.2182967051358]]}},{"type":"Feature","id":82953,"properties":{"OBJECTID":82953,"PRIMENAME":"Bond Street","ELEVTYP_F":0,"ELEVTYP_T":0},"geometry":{"type":"LineString","coordinates":[[-74.0101865872995,40.2211724719607],[-74.0105751446873,40.2201137367367]]}},{"type":"Feature","id":83093,"properties":{"OBJECTID":83093,"PRIMENAME":"Main Street","ELEVTYP_F":0,"ELEVTYP_T":0},"geometry":{"type":"LineString","coordinates":[[-74.0094348400736,40.2269621162845],[-74.0091836970462,40.2276572454008],[-74.0090529876455,40.2280167298974]]}},{"type":"Feature","id":83970,"properties":{"OBJECTID":83970,"PRIMENAME":"Stratford Avenue","ELEVTYP_F":0,"ELEVTYP_T":0},"geometry":{"type":"LineString","coordinates":[[-74.0259765164697,40.2174658561097],[-74.0254114079486,40.2174999104794]]}},{"type":"Feature","id":84031,"properties":{"OBJECTID":84031,"PRIMENAME":"3rd Avenue","ELEVTYP_F":0,"ELEVTYP_T":0},"geometry":{"type":"LineString","coordinates":[[-74.00151026729,40.2216786059386],[-74.0025528511332,40.2218844550107],[-74.0032475614742,40.2219616979175]]}},{"type":"Feature","id":84059,"properties":{"OBJECTID":84059,"PRIMENAME":"2nd Avenue","ELEVTYP_F":0,"ELEVTYP_T":0},"geometry":{"type":"LineString","coordinates":[[-74.0019404323042,40.2204879770435],[-74.0004479064927,40.2201189804115]]}},{"type":"Feature","id":84303,"properties":{"OBJECTID":84303,"PRIMENAME":"West Lake Avenue","ELEVTYP_F":0,"ELEVTYP_T":0},"geometry":{"type":"LineString","coordinates":[[-74.0269705519545,40.2155293598702],[-74.0265615311058,40.2154988346391],[-74.0258780243849,40.2154484067898],[-74.0257697926657,40.2154403869714]]}},{"type":"Feature","id":84315,"properties":{"OBJECTID":84315,"PRIMENAME":"8th Avenue","ELEVTYP_F":0,"ELEVTYP_T":0},"geometry":{"type":"LineString","coordinates":[[-74.002500790395,40.2289033027972],[-74.0004747460232,40.2284691455741],[-74.0003238317259,40.2284376381444]]}},{"type":"Feature","id":84373,"properties":{"OBJECTID":84373,"PRIMENAME":"Dunlewy Street","ELEVTYP_F":0,"ELEVTYP_T":0},"geometry":{"type":"LineString","coordinates":[[-74.0224458392246,40.2252579802219],[-74.0224841851946,40.2253258913097],[-74.0228404172169,40.2259564881216],[-74.0228800695387,40.2260272316588]]}},{"type":"Feature","id":84978,"properties":{"OBJECTID":84978,"PRIMENAME":"Central Avenue","ELEVTYP_F":0,"ELEVTYP_T":0},"geometry":{"type":"LineString","coordinates":[[-74.0050524645488,40.2150968635427],[-74.0048783445577,40.2155661610115]]}},{"type":"Feature","id":85648,"properties":{"OBJECTID":85648,"PRIMENAME":"7th Avenue","ELEVTYP_F":0,"ELEVTYP_T":0},"geometry":{"type":"LineString","coordinates":[[-74.0074445545432,40.2288120842179],[-74.0085231587277,40.2290421634785],[-74.0086707511415,40.229073234515]]}},{"type":"Feature","id":85662,"properties":{"OBJECTID":85662,"PRIMENAME":"Unnamed Segment","ELEVTYP_F":0,"ELEVTYP_T":0},"geometry":{"type":"LineString","coordinates":[[-74.0132770011078,40.2272132198632],[-74.0133627729494,40.2272292008245],[-74.0145254699653,40.2274618014857]]}},{"type":"Feature","id":86283,"properties":{"OBJECTID":86283,"PRIMENAME":"Wickapecko Drive","ELEVTYP_F":0,"ELEVTYP_T":0},"geometry":{"type":"LineString","coordinates":[[-74.0268689722182,40.2277237248807],[-74.0271303616113,40.2269609280462]]}},{"type":"Feature","id":86371,"properties":{"OBJECTID":86371,"PRIMENAME":"2nd Avenue","ELEVTYP_F":0,"ELEVTYP_T":0},"geometry":{"type":"LineString","coordinates":[[-74.0082615780023,40.2219014640902],[-74.0086549961523,40.2219841743953],[-74.0098019760223,40.2222284510175]]}},{"type":"Feature","id":86416,"properties":{"OBJECTID":86416,"PRIMENAME":"Langford Street","ELEVTYP_F":0,"ELEVTYP_T":0},"geometry":{"type":"LineString","coordinates":[[-74.0157769482562,40.2180481820983],[-74.0155168576221,40.2187664864297]]}},{"type":"Feature","id":86478,"properties":{"OBJECTID":86478,"PRIMENAME":"Grand Avenue","ELEVTYP_F":0,"ELEVTYP_T":0},"geometry":{"type":"LineString","coordinates":[[-74.0049356779823,40.2263361779978],[-74.0048918493701,40.2264577970246],[-74.0046658724903,40.2270845578095]]}},{"type":"Feature","id":86762,"properties":{"OBJECTID":86762,"PRIMENAME":"Langford Street","ELEVTYP_F":0,"ELEVTYP_T":0},"geometry":{"type":"LineString","coordinates":[[-74.0135533945083,40.2264417327415],[-74.0135123189352,40.2265563107835],[-74.0133583153001,40.2269862832906]]}},{"type":"Feature","id":87239,"properties":{"OBJECTID":87239,"PRIMENAME":"Stratford Avenue","ELEVTYP_F":0,"ELEVTYP_T":0},"geometry":{"type":"LineString","coordinates":[[-74.0254114079486,40.2174999104794],[-74.0252817934965,40.2175077209883],[-74.0249472410646,40.2175278798695],[-74.0248392618806,40.2175343817337]]}},{"type":"Feature","id":87951,"properties":{"OBJECTID":87951,"PRIMENAME":"Sewall Avenue","ELEVTYP_F":0,"ELEVTYP_T":0},"geometry":{"type":"LineString","coordinates":[[-74.0232999047426,40.2220591109765],[-74.0233029574755,40.2220597585216],[-74.0238927063115,40.2221908826359],[-74.0241038075082,40.2222394358611],[-74.0241311788463,40.2222432492498],[-74.0242093898979,40.2222541455406],[-74.0243398590545,40.2222642072632],[-74.0248681049921,40.2222949551417],[-74.0249631561352,40.2222996009468]]}},{"type":"Feature","id":88030,"properties":{"OBJECTID":88030,"PRIMENAME":"4th Avenue","ELEVTYP_F":0,"ELEVTYP_T":0},"geometry":{"type":"LineString","coordinates":[[-74.0170744634113,40.2260512788581],[-74.0151886037936,40.2256504680613]]}},{"type":"Feature","id":88544,"properties":{"OBJECTID":88544,"PRIMENAME":"Langford Street","ELEVTYP_F":0,"ELEVTYP_T":0},"geometry":{"type":"LineString","coordinates":[[-74.0143436191214,40.2220547149707],[-74.0140198845999,40.2229696095622],[-74.0139688045453,40.223111159626]]}},{"type":"Feature","id":88670,"properties":{"OBJECTID":88670,"PRIMENAME":"Prospect Avenue","ELEVTYP_F":0,"ELEVTYP_T":0},"geometry":{"type":"LineString","coordinates":[[-74.0175527655847,40.2168185052255],[-74.0174595971723,40.2166403613422],[-74.0171136470519,40.2159921773943]]}},{"type":"Feature","id":88715,"properties":{"OBJECTID":88715,"PRIMENAME":"8th Avenue","ELEVTYP_F":0,"ELEVTYP_T":0},"geometry":{"type":"LineString","coordinates":[[-74.0003238317259,40.2284376381444],[-73.9993323794986,40.2282306716738],[-73.999163693496,40.2281954615643]]}},{"type":"Feature","id":89780,"properties":{"OBJECTID":89780,"PRIMENAME":"Ocean Avenue","ELEVTYP_F":0,"ELEVTYP_T":0},"geometry":{"type":"LineString","coordinates":[[-74.0003489710282,40.2203366632363],[-74.0002648118163,40.2205219334057],[-74.0000332814688,40.2211508585026]]}},{"type":"Feature","id":89853,"properties":{"OBJECTID":89853,"PRIMENAME":"Boardwalk","ELEVTYP_F":0,"ELEVTYP_T":0},"geometry":{"type":"LineString","coordinates":[[-74.0023480760407,40.2145122802014],[-74.0024383161207,40.2142575791974],[-74.0025240935155,40.2140253703035]]}},{"type":"Feature","id":90092,"properties":{"OBJECTID":90092,"PRIMENAME":"Ridge Avenue","ELEVTYP_F":0,"ELEVTYP_T":0},"geometry":{"type":"LineString","coordinates":[[-74.0244777070521,40.2140829117225],[-74.0243842512401,40.2131716218294]]}},{"type":"Feature","id":90276,"properties":{"OBJECTID":90276,"PRIMENAME":"Kingsley Street","ELEVTYP_F":0,"ELEVTYP_T":0},"geometry":{"type":"LineString","coordinates":[[-73.9995196403737,40.2272119802543],[-73.9995715462599,40.2270647579746]]}},{"type":"Feature","id":90313,"properties":{"OBJECTID":90313,"PRIMENAME":"South Wanamassa Drive","ELEVTYP_F":0,"ELEVTYP_T":0},"geometry":{"type":"LineString","coordinates":[[-74.0261748180307,40.2297746850581],[-74.025701913427,40.2296272233985]]}},{"type":"Feature","id":90531,"properties":{"OBJECTID":90531,"PRIMENAME":"Ocean Avenue","ELEVTYP_F":0,"ELEVTYP_T":0},"geometry":{"type":"LineString","coordinates":[[-74.0007536834224,40.2192926892304],[-74.0004979226702,40.2200087002585],[-74.0004479064927,40.2201189804115]]}},{"type":"Feature","id":91575,"properties":{"OBJECTID":91575,"PRIMENAME":"6th Avenue","ELEVTYP_F":0,"ELEVTYP_T":0},"geometry":{"type":"LineString","coordinates":[[-74.0078236224631,40.2277554872974],[-74.0062728116796,40.2274259591994]]}},{"type":"Feature","id":93257,"properties":{"OBJECTID":93257,"PRIMENAME":"Asbury Avenue","ELEVTYP_F":0,"ELEVTYP_T":0},"geometry":{"type":"LineString","coordinates":[[-74.0255467473222,40.2232882212565],[-74.0249499042548,40.2231611150628]]}},{"type":"Feature","id":93612,"properties":{"OBJECTID":93612,"PRIMENAME":"Bond Street","ELEVTYP_F":0,"ELEVTYP_T":0},"geometry":{"type":"LineString","coordinates":[[-74.0078236224631,40.2277554872974],[-74.0081661977228,40.2268006094535],[-74.0082048547658,40.2266949721023]]}},{"type":"Feature","id":94417,"properties":{"OBJECTID":94417,"PRIMENAME":"Mount Carmel Way","ELEVTYP_F":0,"ELEVTYP_T":0},"geometry":{"type":"LineString","coordinates":[[-74.0098575082702,40.2141593822364],[-74.0090666556571,40.2139923040299]]}},{"type":"Feature","id":94697,"properties":{"OBJECTID":94697,"PRIMENAME":"Unnamed Segment","ELEVTYP_F":0,"ELEVTYP_T":0},"geometry":{"type":"LineString","coordinates":[[-74.0172661402474,40.2255224379073],[-74.0162305313902,40.2253036007084],[-74.0153775338663,40.2251219753846]]}},{"type":"Feature","id":94956,"properties":{"OBJECTID":94956,"PRIMENAME":"Lake Avenue","ELEVTYP_F":0,"ELEVTYP_T":0},"geometry":{"type":"LineString","coordinates":[[-74.0131067709786,40.215086193093],[-74.0126829932912,40.2149974958933],[-74.0124775596402,40.2149717308775]]}},{"type":"Feature","id":95805,"properties":{"OBJECTID":95805,"PRIMENAME":"7th Avenue","ELEVTYP_F":0,"ELEVTYP_T":0},"geometry":{"type":"LineString","coordinates":[[-74.0042851510776,40.2281407806849],[-74.0058099432889,40.2284634431623],[-74.0058882959527,40.2284801671523]]}},{"type":"Feature","id":96491,"properties":{"OBJECTID":96491,"PRIMENAME":"Mattison Avenue","ELEVTYP_F":0,"ELEVTYP_T":0},"geometry":{"type":"LineString","coordinates":[[-74.0131413946741,40.2167030449685],[-74.0129830690731,40.216674047424],[-74.0118951303131,40.2164526175251]]}},{"type":"Feature","id":96664,"properties":{"OBJECTID":96664,"PRIMENAME":"Edgewood Avenue","ELEVTYP_F":0,"ELEVTYP_T":0},"geometry":{"type":"LineString","coordinates":[[-74.0213679959215,40.2305187445954],[-74.0206096317812,40.2319408260966],[-74.020499067153,40.2321481559537]]}},{"type":"Feature","id":96906,"properties":{"OBJECTID":96906,"PRIMENAME":"Heck Street","ELEVTYP_F":0,"ELEVTYP_T":0},"geometry":{"type":"LineString","coordinates":[[-74.0049830626697,40.2212089191179],[-74.0053288253414,40.2202351751875],[-74.005361372945,40.2201473566352]]}},{"type":"Feature","id":97067,"properties":{"OBJECTID":97067,"PRIMENAME":"Unnamed Segment","ELEVTYP_F":0,"ELEVTYP_T":0},"geometry":{"type":"LineString","coordinates":[[-74.018484581426,40.2235100759567],[-74.0185890997898,40.2235332823543],[-74.0193513009314,40.223687818381],[-74.0194125349936,40.2237090699644]]}},{"type":"Feature","id":98785,"properties":{"OBJECTID":98785,"PRIMENAME":"Ridge Avenue","ELEVTYP_F":0,"ELEVTYP_T":0},"geometry":{"type":"LineString","coordinates":[[-74.0249499042548,40.2231611150628],[-74.0249516982662,40.2229042765169],[-74.0249631561352,40.2222996009468]]}},{"type":"Feature","id":98982,"properties":{"OBJECTID":98982,"PRIMENAME":"Comstock Street","ELEVTYP_F":0,"ELEVTYP_T":0},"geometry":{"type":"LineString","coordinates":[[-74.0177710712981,40.2184694744981],[-74.017966523645,40.2179245884214],[-74.0180335610821,40.2177376964732]]}},{"type":"Feature","id":99163,"properties":{"OBJECTID":99163,"PRIMENAME":"Main Avenue","ELEVTYP_F":0,"ELEVTYP_T":0},"geometry":{"type":"LineString","coordinates":[[-74.0141929860443,40.2136512294498],[-74.0140880464555,40.2136289648091]]}},{"type":"Feature","id":101079,"properties":{"OBJECTID":101079,"PRIMENAME":"Main Street","ELEVTYP_F":0,"ELEVTYP_T":0},"geometry":{"type":"LineString","coordinates":[[-74.0136699092744,40.2152016928849],[-74.0136037762392,40.2154009397762],[-74.0134372483248,40.2158684969683],[-74.0133981758171,40.2159792134254]]}},{"type":"Feature","id":101408,"properties":{"OBJECTID":101408,"PRIMENAME":"Seventh Avenue","ELEVTYP_F":0,"ELEVTYP_T":0},"geometry":{"type":"LineString","coordinates":[[-74.0103583748241,40.2271524284837],[-74.0104222375207,40.2269579514317],[-74.0104733578057,40.2267722596134],[-74.010443264448,40.2266291591935],[-74.0104438820402,40.2265433730568],[-74.0105197549129,40.2263721164455],[-74.0106387963797,40.2262439222683],[-74.0107457532205,40.2260680476863],[-74.0108193803911,40.2258600493696]]}},{"type":"Feature","id":102101,"properties":{"OBJECTID":102101,"PRIMENAME":"Whitesville Road","ELEVTYP_F":0,"ELEVTYP_T":0},"geometry":{"type":"LineString","coordinates":[[-74.0193554569252,40.2253937330538],[-74.0188403218443,40.2252835673285]]}},{"type":"Feature","id":102434,"properties":{"OBJECTID":102434,"PRIMENAME":"Cookman Avenue","ELEVTYP_F":0,"ELEVTYP_T":0},"geometry":{"type":"LineString","coordinates":[[-74.0088743215494,40.2165821259456],[-74.0096473949535,40.216273928094],[-74.0101123423975,40.2160920383555],[-74.0101897986333,40.2160617379295],[-74.0103269318349,40.2160146609392],[-74.0103773706404,40.2160019983131]]}},{"type":"Feature","id":103148,"properties":{"OBJECTID":103148,"PRIMENAME":"Deal Lake Drive","ELEVTYP_F":0,"ELEVTYP_T":0},"geometry":{"type":"LineString","coordinates":[[-74.008498498557,40.229545261528],[-74.0082323514167,40.2295834704312],[-74.0079756246663,40.2296216917484],[-74.0077374859853,40.2296599906533],[-74.0075273805641,40.2296948399007],[-74.0073638463004,40.2297334563481],[-74.0071676153783,40.2297862350635],[-74.0070553427838,40.2298286657063],[-74.006966536444,40.2298604611328]]}},{"type":"Feature","id":105988,"properties":{"OBJECTID":105988,"PRIMENAME":"Locust Drive","ELEVTYP_F":0,"ELEVTYP_T":0},"geometry":{"type":"LineString","coordinates":[[-74.0196289609041,40.2277279987589],[-74.0185168281199,40.2280070435004],[-74.0184031233516,40.2280355882022]]}},{"type":"Feature","id":107796,"properties":{"OBJECTID":107796,"PRIMENAME":"Comstock Street","ELEVTYP_F":0,"ELEVTYP_T":0},"geometry":{"type":"LineString","coordinates":[[-74.0169845298028,40.2206507551036],[-74.0171993831478,40.2200231816941],[-74.0172368616901,40.2199246182288]]}},{"type":"Feature","id":108734,"properties":{"OBJECTID":108734,"PRIMENAME":"Emory Street","ELEVTYP_F":0,"ELEVTYP_T":0},"geometry":{"type":"LineString","coordinates":[[-74.0058882959527,40.2284801671523],[-74.0056559545941,40.2291205187966],[-74.0057223084999,40.2295905955]]}},{"type":"Feature","id":109449,"properties":{"OBJECTID":109449,"PRIMENAME":"Unnamed Segment","ELEVTYP_F":0,"ELEVTYP_T":0},"geometry":{"type":"LineString","coordinates":[[-74.0170598597478,40.2171454252057],[-74.0171530683038,40.2171816391435],[-74.0173335096595,40.2172182176912]]}},{"type":"Feature","id":109715,"properties":{"OBJECTID":109715,"PRIMENAME":"Main Street","ELEVTYP_F":0,"ELEVTYP_T":0},"geometry":{"type":"LineString","coordinates":[[-74.0086707511415,40.229073234515],[-74.0086174295662,40.2292204827666],[-74.0085365935769,40.229438194171],[-74.008498498557,40.229545261528]]}},{"type":"Feature","id":110408,"properties":{"OBJECTID":110408,"PRIMENAME":"Bridge Street","ELEVTYP_F":0,"ELEVTYP_T":0},"geometry":{"type":"LineString","coordinates":[[-74.018593218824,40.227512037284],[-74.0189501502072,40.2265313818501],[-74.0189772631493,40.226455314106]]}},{"type":"Feature","id":110423,"properties":{"OBJECTID":110423,"PRIMENAME":"Webb Street","ELEVTYP_F":0,"ELEVTYP_T":0},"geometry":{"type":"LineString","coordinates":[[-74.0010835011654,40.2263433833748],[-74.0007572971737,40.2272502681952],[-74.0007166892748,40.227361522893]]}},{"type":"Feature","id":110443,"properties":{"OBJECTID":110443,"PRIMENAME":"Langford Street","ELEVTYP_F":0,"ELEVTYP_T":0},"geometry":{"type":"LineString","coordinates":[[-74.0130128632302,40.225761268289],[-74.0128653061337,40.2261770790748],[-74.0128263412031,40.2262867246877]]}},{"type":"Feature","id":111158,"properties":{"OBJECTID":111158,"PRIMENAME":"Sylvan Avenue","ELEVTYP_F":0,"ELEVTYP_T":0},"geometry":{"type":"LineString","coordinates":[[-74.0183611448945,40.2143408234914],[-74.018378334765,40.2142039614451],[-74.0183913341004,40.2141230037438],[-74.0184292529416,40.2140373716545],[-74.0185618653526,40.213747201867],[-74.0186818470934,40.2134808066559],[-74.0187304873328,40.2133728184369]]}},{"type":"Feature","id":111431,"properties":{"OBJECTID":111431,"PRIMENAME":"Beach Avenue","ELEVTYP_F":0,"ELEVTYP_T":0},"geometry":{"type":"LineString","coordinates":[[-74.0040748078452,40.2138717293846],[-74.0039094054995,40.2143237393312]]}},{"type":"Feature","id":112462,"properties":{"OBJECTID":112462,"PRIMENAME":"Mount Hermon Way","ELEVTYP_F":0,"ELEVTYP_T":0},"geometry":{"type":"LineString","coordinates":[[-74.01095876208,40.2134841513379],[-74.0101714976416,40.2133166013609]]}},{"type":"Feature","id":113623,"properties":{"OBJECTID":113623,"PRIMENAME":"5th Avenue","ELEVTYP_F":0,"ELEVTYP_T":0},"geometry":{"type":"LineString","coordinates":[[-74.0019352537409,40.2239777402497],[-74.002546790499,40.2241103025197],[-74.0027982249053,40.2241648051758]]}},{"type":"Feature","id":113686,"properties":{"OBJECTID":113686,"PRIMENAME":"Sunset Avenue","ELEVTYP_F":0,"ELEVTYP_T":0},"geometry":{"type":"LineString","coordinates":[[-74.0123828368744,40.2275758368057],[-74.0130925528444,40.2277279186778]]}},{"type":"Feature","id":115568,"properties":{"OBJECTID":115568,"PRIMENAME":"5th Avenue","ELEVTYP_F":0,"ELEVTYP_T":0},"geometry":{"type":"LineString","coordinates":[[-74.0111697655763,40.2259340597082],[-74.0117901830941,40.2260650732178],[-74.0128263412031,40.2262867246877]]}},{"type":"Feature","id":115714,"properties":{"OBJECTID":115714,"PRIMENAME":"Emory Street","ELEVTYP_F":0,"ELEVTYP_T":0},"geometry":{"type":"LineString","coordinates":[[-74.0057223084999,40.2295905955],[-74.0058215344971,40.2302936641457],[-74.0058376798219,40.2304080729576]]}},{"type":"Feature","id":116385,"properties":{"OBJECTID":116385,"PRIMENAME":"Beach Avenue","ELEVTYP_F":0,"ELEVTYP_T":0},"geometry":{"type":"LineString","coordinates":[[-74.0033825285283,40.2157635874626],[-74.003245214828,40.2161388778833],[-74.0032101577998,40.2162417020124]]}},{"type":"Feature","id":116666,"properties":{"OBJECTID":116666,"PRIMENAME":"Unnamed Segment","ELEVTYP_F":0,"ELEVTYP_T":0},"geometry":{"type":"LineString","coordinates":[[-74.0191673118388,40.2259218239051],[-74.019096609705,40.2259070627131],[-74.0179948139254,40.2256764079861],[-74.0172661402474,40.2255224379073]]}},{"type":"Feature","id":116764,"properties":{"OBJECTID":116764,"PRIMENAME":"Whitefield Avenue","ELEVTYP_F":0,"ELEVTYP_T":0},"geometry":{"type":"LineString","coordinates":[[-74.0118906274459,40.2131623054672],[-74.0120354969122,40.2127494540396],[-74.0120789188162,40.212651521532]]}},{"type":"Feature","id":116908,"properties":{"OBJECTID":116908,"PRIMENAME":"Unnamed Segment","ELEVTYP_F":0,"ELEVTYP_T":0},"geometry":{"type":"LineString","coordinates":[[-74.0190309126159,40.2247591663509],[-74.0176496940323,40.2244654150182]]}},{"type":"Feature","id":117022,"properties":{"OBJECTID":117022,"PRIMENAME":"Bond Street","ELEVTYP_F":0,"ELEVTYP_T":0},"geometry":{"type":"LineString","coordinates":[[-74.0074445545432,40.2288120842179],[-74.0074935384849,40.2286755792347],[-74.0078236224631,40.2277554872974]]}},{"type":"Feature","id":117203,"properties":{"OBJECTID":117203,"PRIMENAME":"Lawrence Avenue","ELEVTYP_F":0,"ELEVTYP_T":0},"geometry":{"type":"LineString","coordinates":[[-74.0133133554897,40.2134644539813],[-74.0133395356013,40.2133888500143],[-74.013495195377,40.2129532010986]]}},{"type":"Feature","id":117382,"properties":{"OBJECTID":117382,"PRIMENAME":"South Main Street","ELEVTYP_F":0,"ELEVTYP_T":0},"geometry":{"type":"LineString","coordinates":[[-74.0141929860443,40.2136512294498],[-74.0139851192042,40.2142372369913],[-74.0139611070088,40.2143118594586]]}},{"type":"Feature","id":118246,"properties":{"OBJECTID":118246,"PRIMENAME":"Comstock Street","ELEVTYP_F":0,"ELEVTYP_T":0},"geometry":{"type":"LineString","coordinates":[[-74.0145254699653,40.2274618014857],[-74.0146041816977,40.2272449829525]]}},{"type":"Feature","id":118512,"properties":{"OBJECTID":118512,"PRIMENAME":"Grand Avenue","ELEVTYP_F":0,"ELEVTYP_T":0},"geometry":{"type":"LineString","coordinates":[[-74.0069990375891,40.2204915426532],[-74.0067645531505,40.221161179931],[-74.0066204052253,40.2215563758238]]}},{"type":"Feature","id":118533,"properties":{"OBJECTID":118533,"PRIMENAME":"Bergh Street","ELEVTYP_F":0,"ELEVTYP_T":0},"geometry":{"type":"LineString","coordinates":[[-74.0047123243762,40.2188721313591],[-74.0046790621256,40.2189646409834],[-74.0043334965301,40.2199258106689]]}},{"type":"Feature","id":118552,"properties":{"OBJECTID":118552,"PRIMENAME":"Whitefield Avenue","ELEVTYP_F":0,"ELEVTYP_T":0},"geometry":{"type":"LineString","coordinates":[[-74.0117207521716,40.2136462357596],[-74.0118906274459,40.2131623054672]]}},{"type":"Feature","id":118812,"properties":{"OBJECTID":118812,"PRIMENAME":"Prospect Avenue","ELEVTYP_F":0,"ELEVTYP_T":0},"geometry":{"type":"LineString","coordinates":[[-74.0184782068321,40.2185850283242],[-74.0181465877795,40.2179538885114],[-74.0180335610821,40.2177376964732]]}},{"type":"Feature","id":118876,"properties":{"OBJECTID":118876,"PRIMENAME":"Bond Street","ELEVTYP_F":0,"ELEVTYP_T":0},"geometry":{"type":"LineString","coordinates":[[-74.0140880464555,40.2136289648091],[-74.0138962582036,40.2137888663419],[-74.0130135000439,40.2145248537173],[-74.0129178871527,40.2146045679242]]}},{"type":"Feature","id":119261,"properties":{"OBJECTID":119261,"PRIMENAME":"Benson Avenue","ELEVTYP_F":0,"ELEVTYP_T":0},"geometry":{"type":"LineString","coordinates":[[-74.0126564430614,40.2133249762967],[-74.0126149173667,40.2134382076922],[-74.0124793484624,40.213807642482]]}},{"type":"Feature","id":119409,"properties":{"OBJECTID":119409,"PRIMENAME":"Surf Avenue","ELEVTYP_F":0,"ELEVTYP_T":0},"geometry":{"type":"LineString","coordinates":[[-74.0023480760407,40.2145122802014],[-74.0024487556397,40.2145340435996],[-74.0037310299814,40.2148112725873]]}},{"type":"Feature","id":119449,"properties":{"OBJECTID":119449,"PRIMENAME":"4th Avenue","ELEVTYP_F":0,"ELEVTYP_T":0},"geometry":{"type":"LineString","coordinates":[[-74.003188329817,40.2230938026256],[-74.0027917103443,40.2229943480771]]}},{"type":"Feature","id":119625,"properties":{"OBJECTID":119625,"PRIMENAME":"Kingsley Street","ELEVTYP_F":0,"ELEVTYP_T":0},"geometry":{"type":"LineString","coordinates":[[-73.999163693496,40.2281954615643],[-73.9994320682591,40.2274603212749],[-73.9995196403737,40.2272119802543]]}},{"type":"Feature","id":120134,"properties":{"OBJECTID":120134,"PRIMENAME":"Pine Street","ELEVTYP_F":0,"ELEVTYP_T":0},"geometry":{"type":"LineString","coordinates":[[-74.0189097894121,40.2202731754624],[-74.0189254381577,40.22035444495],[-74.019068731883,40.2210976575604]]}},{"type":"Feature","id":120465,"properties":{"OBJECTID":120465,"PRIMENAME":"Washington Avenue","ELEVTYP_F":0,"ELEVTYP_T":0},"geometry":{"type":"LineString","coordinates":[[-74.0191568130941,40.2198691676966],[-74.0192831931324,40.2198793559301],[-74.0219258026382,40.2200925977304]]}},{"type":"Feature","id":121056,"properties":{"OBJECTID":121056,"PRIMENAME":"Summerfield Avenue","ELEVTYP_F":0,"ELEVTYP_T":0},"geometry":{"type":"LineString","coordinates":[[-74.0113790699134,40.2179032545771],[-74.011004019924,40.2178238699192],[-74.0098301863061,40.2175637341952]]}},{"type":"Feature","id":121076,"properties":{"OBJECTID":121076,"PRIMENAME":"Ridge Avenue","ELEVTYP_F":0,"ELEVTYP_T":0},"geometry":{"type":"LineString","coordinates":[[-74.0248392618806,40.2175343817337],[-74.0247293494344,40.2164644078915],[-74.024618276359,40.2154535625629],[-74.0246081527309,40.2153546921221]]}},{"type":"Feature","id":121368,"properties":{"OBJECTID":121368,"PRIMENAME":"4th Avenue","ELEVTYP_F":0,"ELEVTYP_T":0},"geometry":{"type":"LineString","coordinates":[[-74.0115516080778,40.2248796574783],[-74.0111932328022,40.2248037240426]]}},{"type":"Feature","id":121398,"properties":{"OBJECTID":121398,"PRIMENAME":"Delaware Avenue","ELEVTYP_F":0,"ELEVTYP_T":0},"geometry":{"type":"LineString","coordinates":[[-74.0111360780098,40.2130019828726],[-74.01095876208,40.2134841513379]]}},{"type":"Feature","id":121693,"properties":{"OBJECTID":121693,"PRIMENAME":"Langford Street","ELEVTYP_F":0,"ELEVTYP_T":0},"geometry":{"type":"LineString","coordinates":[[-74.0132037022586,40.2252296637099],[-74.0130747171813,40.225586963462],[-74.0130128632302,40.225761268289]]}},{"type":"Feature","id":121761,"properties":{"OBJECTID":121761,"PRIMENAME":"Grand Avenue","ELEVTYP_F":0,"ELEVTYP_T":0},"geometry":{"type":"LineString","coordinates":[[-74.0058495971903,40.2236720610349],[-74.0055082357486,40.2246350356118],[-74.0054750353699,40.2247286435505]]}},{"type":"Feature","id":121808,"properties":{"OBJECTID":121808,"PRIMENAME":"Central Avenue","ELEVTYP_F":0,"ELEVTYP_T":0},"geometry":{"type":"LineString","coordinates":[[-74.0054282678196,40.2140893157011],[-74.0054108412123,40.2141368714312],[-74.0052903899407,40.2144556842237],[-74.0052335199829,40.2146089281073]]}},{"type":"Feature","id":122065,"properties":{"OBJECTID":122065,"PRIMENAME":"6th Avenue","ELEVTYP_F":0,"ELEVTYP_T":0},"geometry":{"type":"LineString","coordinates":[[-74.0103332653316,40.2282817432978],[-74.0100091748581,40.228215474027]]}},{"type":"Feature","id":122067,"properties":{"OBJECTID":122067,"PRIMENAME":"Myrtle Avenue","ELEVTYP_F":0,"ELEVTYP_T":0},"geometry":{"type":"LineString","coordinates":[[-74.0256218435097,40.214010410631],[-74.0255014263014,40.2128488945694],[-74.0254936053425,40.2127739716534]]}},{"type":"Feature","id":122246,"properties":{"OBJECTID":122246,"PRIMENAME":"Langford Street","ELEVTYP_F":0,"ELEVTYP_T":0},"geometry":{"type":"LineString","coordinates":[[-74.0149893563371,40.2202279614052],[-74.0148130655866,40.2207281204674],[-74.0147193540158,40.2209929461845]]}},{"type":"Feature","id":123304,"properties":{"OBJECTID":123304,"PRIMENAME":"Laurel Avenue","ELEVTYP_F":0,"ELEVTYP_T":0},"geometry":{"type":"LineString","coordinates":[[-74.0248701769282,40.2293696297046],[-74.0248244433904,40.2294560539056],[-74.0240707323438,40.2308804986129],[-74.0240619841789,40.230897029544],[-74.0238532689848,40.23129143144]]}},{"type":"Feature","id":124915,"properties":{"OBJECTID":124915,"PRIMENAME":"Unnamed Segment","ELEVTYP_F":0,"ELEVTYP_T":0},"geometry":{"type":"LineString","coordinates":[[-74.0153775338663,40.2251219753846],[-74.0146331448554,40.2249635033473],[-74.01346270342,40.2247156075375],[-74.0133945805395,40.2247011824497]]}},{"type":"Feature","id":125249,"properties":{"OBJECTID":125249,"PRIMENAME":"Unnamed Segment","ELEVTYP_F":0,"ELEVTYP_T":0},"geometry":{"type":"LineString","coordinates":[[-74.0131067709786,40.215086193093],[-74.0130682033278,40.2152064649955],[-74.0128774106974,40.2158014372181],[-74.0128580349331,40.2158618060119]]}},{"type":"Feature","id":125335,"properties":{"OBJECTID":125335,"PRIMENAME":"Unnamed Segment","ELEVTYP_F":0,"ELEVTYP_T":0},"geometry":{"type":"LineString","coordinates":[[-74.0169384613061,40.2175070819921],[-74.0170598597478,40.2171454252057]]}},{"type":"Feature","id":125893,"properties":{"OBJECTID":125893,"PRIMENAME":"Unami Avenue","ELEVTYP_F":0,"ELEVTYP_T":0},"geometry":{"type":"LineString","coordinates":[[-74.0232127068916,40.2288540375047],[-74.022770769052,40.2296954180963],[-74.0222477261625,40.2306798458971],[-74.0221960007616,40.2307773630573]]}},{"type":"Feature","id":128395,"properties":{"OBJECTID":128395,"PRIMENAME":"Bangs Avenue","ELEVTYP_F":0,"ELEVTYP_T":0},"geometry":{"type":"LineString","coordinates":[[-74.0116425372444,40.2171741846172],[-74.0128698554704,40.2174366409532]]}},{"type":"Feature","id":128575,"properties":{"OBJECTID":128575,"PRIMENAME":"Whitesville Road","ELEVTYP_F":0,"ELEVTYP_T":0},"geometry":{"type":"LineString","coordinates":[[-74.0205772182484,40.2256567987446],[-74.0193554569252,40.2253937330538]]}},{"type":"Feature","id":128815,"properties":{"OBJECTID":128815,"PRIMENAME":"Elizabeth Avenue","ELEVTYP_F":0,"ELEVTYP_T":0},"geometry":{"type":"LineString","coordinates":[[-74.0235902742608,40.2181041037577],[-74.0235985051145,40.2180384156794],[-74.0237072905118,40.2171702112514]]}},{"type":"Feature","id":129395,"properties":{"OBJECTID":129395,"PRIMENAME":"3rd Avenue","ELEVTYP_F":0,"ELEVTYP_T":0},"geometry":{"type":"LineString","coordinates":[[-74.0094305924938,40.2232911000676],[-74.0079520987169,40.222978235406],[-74.0078780784942,40.2229626021242]]}},{"type":"Feature","id":129853,"properties":{"OBJECTID":129853,"PRIMENAME":"Mount Carmel Way","ELEVTYP_F":0,"ELEVTYP_T":0},"geometry":{"type":"LineString","coordinates":[[-74.0102445874624,40.214241154258],[-74.0101164069934,40.214214093385],[-74.0098575082702,40.2141593822364]]}},{"type":"Feature","id":130252,"properties":{"OBJECTID":130252,"PRIMENAME":"South Wanamassa Drive","ELEVTYP_F":0,"ELEVTYP_T":0},"geometry":{"type":"LineString","coordinates":[[-74.0232127068916,40.2288540375047],[-74.0225791051194,40.2286556346505],[-74.0224984372543,40.2286314728742],[-74.0224174669057,40.2286502185762],[-74.0224151986774,40.2286519367005]]}},{"type":"Feature","id":130531,"properties":{"OBJECTID":130531,"PRIMENAME":"Sylvan Avenue","ELEVTYP_F":0,"ELEVTYP_T":0},"geometry":{"type":"LineString","coordinates":[[-74.0182850471796,40.2148873611228],[-74.0183256277889,40.2146231622577],[-74.0183611448945,40.2143408234914]]}},{"type":"Feature","id":131282,"properties":{"OBJECTID":131282,"PRIMENAME":"Whitesville Road","ELEVTYP_F":0,"ELEVTYP_T":0},"geometry":{"type":"LineString","coordinates":[[-74.0216017440397,40.225498930835],[-74.0211272326654,40.2256309918555],[-74.0209714620309,40.2256732281605],[-74.0208345852045,40.2256821870746],[-74.0207164708732,40.225681698039],[-74.0205772182484,40.2256567987446]]}},{"type":"Feature","id":131324,"properties":{"OBJECTID":131324,"PRIMENAME":"Unnamed Segment","ELEVTYP_F":0,"ELEVTYP_T":0},"geometry":{"type":"LineString","coordinates":[[-74.0205831885684,40.2250892709697],[-74.0190309126159,40.2247591663509]]}},{"type":"Feature","id":131843,"properties":{"OBJECTID":131843,"PRIMENAME":"4th Avenue","ELEVTYP_F":0,"ELEVTYP_T":0},"geometry":{"type":"LineString","coordinates":[[-74.0027917103443,40.2229943480771],[-74.0011825137607,40.2225908117203]]}},{"type":"Feature","id":131880,"properties":{"OBJECTID":131880,"PRIMENAME":"Sunset Avenue","ELEVTYP_F":0,"ELEVTYP_T":0},"geometry":{"type":"LineString","coordinates":[[-74.0036318767192,40.2257246633768],[-74.004304823881,40.2260562357766],[-74.0047819218666,40.2262870390236],[-74.0048749044438,40.2263255684496],[-74.0049356779823,40.2263361779978]]}},{"type":"Feature","id":132274,"properties":{"OBJECTID":132274,"PRIMENAME":"Park Avenue","ELEVTYP_F":0,"ELEVTYP_T":0},"geometry":{"type":"LineString","coordinates":[[-74.0028761328463,40.2278425604387],[-74.002917911353,40.2276980384031],[-74.0032287176964,40.2268605086062],[-74.0032555231648,40.2267848818858]]}},{"type":"Feature","id":132379,"properties":{"OBJECTID":132379,"PRIMENAME":"Lawrence Avenue","ELEVTYP_F":0,"ELEVTYP_T":0},"geometry":{"type":"LineString","coordinates":[[-74.0133133554897,40.2134644539813],[-74.0131451663413,40.2139493265399]]}},{"type":"Feature","id":132433,"properties":{"OBJECTID":132433,"PRIMENAME":"Jersey Street","ELEVTYP_F":0,"ELEVTYP_T":0},"geometry":{"type":"LineString","coordinates":[[-74.0218548234529,40.220749629179],[-74.0219172975266,40.2201714613404],[-74.0219258026382,40.2200925977304]]}},{"type":"Feature","id":133572,"properties":{"OBJECTID":133572,"PRIMENAME":"Comstock Street","ELEVTYP_F":0,"ELEVTYP_T":0},"geometry":{"type":"LineString","coordinates":[[-74.0163282693388,40.2224735767777],[-74.016615688379,40.2216650389976],[-74.0167064823316,40.2214168637831]]}},{"type":"Feature","id":133716,"properties":{"OBJECTID":133716,"PRIMENAME":"Grand Avenue","ELEVTYP_F":0,"ELEVTYP_T":0},"geometry":{"type":"LineString","coordinates":[[-74.0054750353699,40.2247286435505],[-74.0052851554734,40.2252945837544],[-74.0052476388766,40.2254064018147],[-74.0051242017464,40.2257742983015],[-74.0049356779823,40.2263361779978]]}},{"type":"Feature","id":133876,"properties":{"OBJECTID":133876,"PRIMENAME":"8th Avenue","ELEVTYP_F":0,"ELEVTYP_T":0},"geometry":{"type":"LineString","coordinates":[[-74.003903294417,40.229203749543],[-74.002500790395,40.2289033027972]]}},{"type":"Feature","id":136690,"properties":{"OBJECTID":136690,"PRIMENAME":"4th Avenue","ELEVTYP_F":0,"ELEVTYP_T":0},"geometry":{"type":"LineString","coordinates":[[-74.0265908747687,40.2249844780878],[-74.0264817850803,40.2250151355828],[-74.0261472656962,40.2251091087774]]}},{"type":"Feature","id":136890,"properties":{"OBJECTID":136890,"PRIMENAME":"Boston Way","ELEVTYP_F":0,"ELEVTYP_T":0},"geometry":{"type":"LineString","coordinates":[[-74.0187304873328,40.2133728184369],[-74.0189190808957,40.2133387932519],[-74.0190683897154,40.2133203617935],[-74.0192177365631,40.2133066786405],[-74.0199265036956,40.2132953176854],[-74.0203680390231,40.2132828454013],[-74.0208216244235,40.2133085530488],[-74.0210180965409,40.2133200454735]]}},{"type":"Feature","id":138116,"properties":{"OBJECTID":138116,"PRIMENAME":"Stratford Avenue","ELEVTYP_F":0,"ELEVTYP_T":0},"geometry":{"type":"LineString","coordinates":[[-74.0284603711815,40.2173128511405],[-74.0272586124269,40.2173885772967],[-74.0271707679124,40.2173938738071]]}},{"type":"Feature","id":138177,"properties":{"OBJECTID":138177,"PRIMENAME":"Atkins Avenue","ELEVTYP_F":0,"ELEVTYP_T":0},"geometry":{"type":"LineString","coordinates":[[-74.0202590616346,40.2191544856917],[-74.0202648051416,40.2191017734283],[-74.0202898183483,40.2188723195574],[-74.0202980401455,40.2187968864334],[-74.0203070418143,40.2187138251568]]}},{"type":"Feature","id":140527,"properties":{"OBJECTID":140527,"PRIMENAME":"Unnamed Segment","ELEVTYP_F":0,"ELEVTYP_T":0},"geometry":{"type":"LineString","coordinates":[[-74.0159376270019,40.2109989299409],[-74.0160067357372,40.2110689480307],[-74.015929392372,40.2113054814819],[-74.01553911538,40.2112168393352],[-74.0154380653449,40.2112405867988],[-74.0153477324342,40.2115302393314],[-74.0149760228428,40.2123746049405],[-74.014591004057,40.2133155923791],[-74.0144758533373,40.2137303919052],[-74.0143322210095,40.2137243709115],[-74.0141929860443,40.2136512294498]]}},{"type":"Feature","id":141512,"properties":{"OBJECTID":141512,"PRIMENAME":"Ballard Drive","ELEVTYP_F":0,"ELEVTYP_T":0},"geometry":{"type":"LineString","coordinates":[[-74.0271303616113,40.2269609280462],[-74.0270374092599,40.2269367192384],[-74.0269070610559,40.2269028590483],[-74.0267583214233,40.2268355140779],[-74.0266281053832,40.2267825473089],[-74.0265349768451,40.2267631145286],[-74.026441715688,40.226762732995],[-74.0263109367088,40.2267908040158],[-74.0262527727855,40.226806158354]]}},{"type":"Feature","id":141919,"properties":{"OBJECTID":141919,"PRIMENAME":"Grand Avenue","ELEVTYP_F":0,"ELEVTYP_T":0},"geometry":{"type":"LineString","coordinates":[[-74.0066204052253,40.2215563758238],[-74.0062340674599,40.2226154914434]]}},{"type":"Feature","id":143032,"properties":{"OBJECTID":143032,"PRIMENAME":"Camp Avenue","ELEVTYP_F":0,"ELEVTYP_T":0},"geometry":{"type":"LineString","coordinates":[[-74.0190251045669,40.2313973960543],[-74.0190154130913,40.2313861244408],[-74.0190035260491,40.231314615984],[-74.0191934632538,40.2309608569086]]}},{"type":"Feature","id":146537,"properties":{"OBJECTID":146537,"PRIMENAME":"Central Avenue","ELEVTYP_F":0,"ELEVTYP_T":0},"geometry":{"type":"LineString","coordinates":[[-74.0055573385659,40.2137373768496],[-74.0054282678196,40.2140893157011]]}},{"type":"Feature","id":146803,"properties":{"OBJECTID":146803,"PRIMENAME":"West Lake Avenue","ELEVTYP_F":0,"ELEVTYP_T":0},"geometry":{"type":"LineString","coordinates":[[-74.0257697926657,40.2154403869714],[-74.0252892582976,40.2154049798181],[-74.0252832458961,40.2154045705737],[-74.0251903322391,40.215397705549]]}},{"type":"Feature","id":146811,"properties":{"OBJECTID":146811,"PRIMENAME":"Grand Avenue","ELEVTYP_F":0,"ELEVTYP_T":0},"geometry":{"type":"LineString","coordinates":[[-74.0077154678171,40.2161167703476],[-74.0077765378096,40.2162087759938],[-74.0081763008845,40.2168109993217],[-74.0082022313784,40.2168500364868]]}},{"type":"Feature","id":147102,"properties":{"OBJECTID":147102,"PRIMENAME":"6th Avenue","ELEVTYP_F":0,"ELEVTYP_T":0},"geometry":{"type":"LineString","coordinates":[[-74.0116330486534,40.2284929504274],[-74.0120557243575,40.2285900049687]]}},{"type":"Feature","id":147216,"properties":{"OBJECTID":147216,"PRIMENAME":"2nd Avenue","ELEVTYP_F":0,"ELEVTYP_T":0},"geometry":{"type":"LineString","coordinates":[[-74.0018873261579,40.2206341254086],[-74.0027958328882,40.2208031027357],[-74.0035313449616,40.2209142222665],[-74.0036902532402,40.2209382293037],[-74.0039546299796,40.2209781706815]]}},{"type":"Feature","id":147239,"properties":{"OBJECTID":147239,"PRIMENAME":"Kingsley Street","ELEVTYP_F":0,"ELEVTYP_T":0},"geometry":{"type":"LineString","coordinates":[[-73.9998960815792,40.2261576765401],[-73.9999559413521,40.2259953616871]]}},{"type":"Feature","id":147364,"properties":{"OBJECTID":147364,"PRIMENAME":"Sewall Avenue","ELEVTYP_F":0,"ELEVTYP_T":0},"geometry":{"type":"LineString","coordinates":[[-74.0169845298028,40.2206507551036],[-74.0189824825474,40.2210791533577],[-74.019068731883,40.2210976575604]]}},{"type":"Feature","id":147546,"properties":{"OBJECTID":147546,"PRIMENAME":"Deal Lake Drive","ELEVTYP_F":0,"ELEVTYP_T":0},"geometry":{"type":"LineString","coordinates":[[-74.0035204234575,40.2302763497289],[-74.0033491523589,40.2302703712325],[-74.0031439867653,40.2302659492486],[-74.0028408011808,40.2302646473332],[-74.0024445107301,40.2302557516779],[-74.0022066546279,40.2302547289248],[-74.0021088105974,40.2302436018184],[-74.0019295013084,40.2302054679027]]}},{"type":"Feature","id":147752,"properties":{"OBJECTID":147752,"PRIMENAME":"Asbury Avenue","ELEVTYP_F":0,"ELEVTYP_T":0},"geometry":{"type":"LineString","coordinates":[[-74.0107262591332,40.2141161686801],[-74.0102445874624,40.214241154258]]}},{"type":"Feature","id":148108,"properties":{"OBJECTID":148108,"PRIMENAME":"South Main Street","ELEVTYP_F":0,"ELEVTYP_T":0},"geometry":{"type":"LineString","coordinates":[[-74.014968650892,40.2114445269891],[-74.0145896800594,40.2125061200322],[-74.0143279131417,40.2132449497702],[-74.0141929860443,40.2136512294498]]}},{"type":"Feature","id":148693,"properties":{"OBJECTID":148693,"PRIMENAME":"Opdyke Avenue","ELEVTYP_F":0,"ELEVTYP_T":0},"geometry":{"type":"LineString","coordinates":[[-74.0274060537026,40.2301584530176],[-74.0265724358512,40.2320416333],[-74.0265357535131,40.2321245267113]]}},{"type":"Feature","id":148768,"properties":{"OBJECTID":148768,"PRIMENAME":"New Street","ELEVTYP_F":0,"ELEVTYP_T":0},"geometry":{"type":"LineString","coordinates":[[-74.0192252633781,40.2242243760871],[-74.0194125349936,40.2237090699644]]}},{"type":"Feature","id":149096,"properties":{"OBJECTID":149096,"PRIMENAME":"5th Avenue","ELEVTYP_F":0,"ELEVTYP_T":0},"geometry":{"type":"LineString","coordinates":[[-74.0166923246424,40.2271080307268],[-74.0183148380187,40.2274539694004],[-74.018593218824,40.227512037284]]}},{"type":"Feature","id":149387,"properties":{"OBJECTID":149387,"PRIMENAME":"Summerfield Avenue","ELEVTYP_F":0,"ELEVTYP_T":0},"geometry":{"type":"LineString","coordinates":[[-74.0249916274894,40.2195101323489],[-74.0248876141476,40.2195021560321],[-74.0241507539685,40.219445341056],[-74.0227491938587,40.2193372635085]]}},{"type":"Feature","id":149565,"properties":{"OBJECTID":149565,"PRIMENAME":"Whitesville Road","ELEVTYP_F":0,"ELEVTYP_T":0},"geometry":{"type":"LineString","coordinates":[[-74.0256965504274,40.2242803945838],[-74.0256442114846,40.2243389280973],[-74.0256004990658,40.2243673551228],[-74.0255255954517,40.2244004026063],[-74.0254321067133,40.224438150995],[-74.0246186559156,40.2246634092391]]}},{"type":"Feature","id":149795,"properties":{"OBJECTID":149795,"PRIMENAME":"Atlantic Avenue","ELEVTYP_F":0,"ELEVTYP_T":0},"geometry":{"type":"LineString","coordinates":[[-74.0181420754264,40.2166345850177],[-74.0186337730303,40.216481136312]]}},{"type":"Feature","id":149899,"properties":{"OBJECTID":149899,"PRIMENAME":"Memorial Drive","ELEVTYP_F":0,"ELEVTYP_T":0},"geometry":{"type":"LineString","coordinates":[[-74.0136027245637,40.2191539936242],[-74.0137132738189,40.2188448769425],[-74.0138620263229,40.2184289371372]]}},{"type":"Feature","id":150102,"properties":{"OBJECTID":150102,"PRIMENAME":"Atkins Avenue","ELEVTYP_F":0,"ELEVTYP_T":0},"geometry":{"type":"LineString","coordinates":[[-74.0207803406432,40.2150720418119],[-74.0208099421396,40.2149671307747],[-74.0208651891346,40.2145307824553]]}},{"type":"Feature","id":150136,"properties":{"OBJECTID":150136,"PRIMENAME":"3rd Avenue","ELEVTYP_F":0,"ELEVTYP_T":0},"geometry":{"type":"LineString","coordinates":[[-74.0174601853397,40.2249874575873],[-74.0155730565886,40.2245825568946]]}},{"type":"Feature","id":150154,"properties":{"OBJECTID":150154,"PRIMENAME":"Memorial Drive","ELEVTYP_F":0,"ELEVTYP_T":0},"geometry":{"type":"LineString","coordinates":[[-74.0141233871336,40.2177003750961],[-74.0141779174248,40.2175513448248],[-74.0142285422443,40.2174276367046],[-74.0143103495488,40.2172850075162],[-74.0144169778688,40.217156757127],[-74.014517307383,40.217038034534],[-74.0145497006011,40.217005034713]]}},{"type":"Feature","id":150186,"properties":{"OBJECTID":150186,"PRIMENAME":"Langford Street","ELEVTYP_F":0,"ELEVTYP_T":0},"geometry":{"type":"LineString","coordinates":[[-74.0133945805395,40.2247011824497],[-74.0132037022586,40.2252296637099]]}},{"type":"Feature","id":150744,"properties":{"OBJECTID":150744,"PRIMENAME":"Kingsley Street","ELEVTYP_F":0,"ELEVTYP_T":0},"geometry":{"type":"LineString","coordinates":[[-74.0023327451648,40.2194077894438],[-74.0025544555729,40.2187974584826],[-74.0026435807733,40.2185521142911],[-74.0026844400001,40.2184395421331]]}},{"type":"Feature","id":152625,"properties":{"OBJECTID":152625,"PRIMENAME":"Bangs Avenue","ELEVTYP_F":0,"ELEVTYP_T":0},"geometry":{"type":"LineString","coordinates":[[-74.0141233871336,40.2177003750961],[-74.0139068964124,40.2176548334051],[-74.0128851233933,40.2174398899785],[-74.0128698554704,40.2174366409532]]}},{"type":"Feature","id":152754,"properties":{"OBJECTID":152754,"PRIMENAME":"Whitesville Road","ELEVTYP_F":0,"ELEVTYP_T":0},"geometry":{"type":"LineString","coordinates":[[-74.0228731729425,40.2251368101589],[-74.0224458392246,40.2252579802219]]}},{"type":"Feature","id":152885,"properties":{"OBJECTID":152885,"PRIMENAME":"Prospect Avenue","ELEVTYP_F":0,"ELEVTYP_T":0},"geometry":{"type":"LineString","coordinates":[[-74.0171136470519,40.2159921773943],[-74.0168621746279,40.2155209984378],[-74.0167589834723,40.2153276520251]]}},{"type":"Feature","id":152887,"properties":{"OBJECTID":152887,"PRIMENAME":"Ocean Pathway","ELEVTYP_F":0,"ELEVTYP_T":0},"geometry":{"type":"LineString","coordinates":[[-74.0040748078452,40.2138717293846],[-74.0053366686746,40.2140745946142],[-74.0054282678196,40.2140893157011]]}},{"type":"Feature","id":152950,"properties":{"OBJECTID":152950,"PRIMENAME":"Whitesville Road","ELEVTYP_F":0,"ELEVTYP_T":0},"geometry":{"type":"LineString","coordinates":[[-74.0273157891146,40.2224148964067],[-74.0264770424828,40.223386855223],[-74.0264051567987,40.2234701541089]]}},{"type":"Feature","id":153898,"properties":{"OBJECTID":153898,"PRIMENAME":"Unnamed Segment","ELEVTYP_F":0,"ELEVTYP_T":0},"geometry":{"type":"LineString","coordinates":[[-74.0176496940323,40.2244654150182],[-74.0164918099463,40.2242191395894],[-74.0158337254286,40.2240829148222],[-74.01576102223,40.2240678685176]]}},{"type":"Feature","id":154205,"properties":{"OBJECTID":154205,"PRIMENAME":"Langford Street","ELEVTYP_F":0,"ELEVTYP_T":0},"geometry":{"type":"LineString","coordinates":[[-74.0163005312409,40.2165942900185],[-74.0160389142351,40.2173171737577]]}},{"type":"Feature","id":154269,"properties":{"OBJECTID":154269,"PRIMENAME":"Langford Street","ELEVTYP_F":0,"ELEVTYP_T":0},"geometry":{"type":"LineString","coordinates":[[-74.0160389142351,40.2173171737577],[-74.0159738571317,40.2174968260393],[-74.015802555758,40.2179774613755],[-74.0157769482562,40.2180481820983]]}},{"type":"Feature","id":154413,"properties":{"OBJECTID":154413,"PRIMENAME":"Boardwalk","ELEVTYP_F":0,"ELEVTYP_T":0},"geometry":{"type":"LineString","coordinates":[[-74.0021789296242,40.2149897749026],[-74.0023480760407,40.2145122802014]]}},{"type":"Feature","id":154804,"properties":{"OBJECTID":154804,"PRIMENAME":"Unnamed Segment","ELEVTYP_F":0,"ELEVTYP_T":0},"geometry":{"type":"LineString","coordinates":[[-74.0170598597478,40.2171454252057],[-74.0169571550864,40.2171306660754],[-74.0169795561851,40.2170471682902],[-74.0165533057037,40.216966572875]]}},{"type":"Feature","id":154858,"properties":{"OBJECTID":154858,"PRIMENAME":"Main Avenue","ELEVTYP_F":0,"ELEVTYP_T":0},"geometry":{"type":"LineString","coordinates":[[-74.0140880464555,40.2136289648091],[-74.0138883215528,40.2135865629405],[-74.0133133554897,40.2134644539813]]}},{"type":"Feature","id":155030,"properties":{"OBJECTID":155030,"PRIMENAME":"Pennsylvania Avenue","ELEVTYP_F":0,"ELEVTYP_T":0},"geometry":{"type":"LineString","coordinates":[[-74.0093796515339,40.2131445250563],[-74.009557548452,40.2126625533042]]}},{"type":"Feature","id":155377,"properties":{"OBJECTID":155377,"PRIMENAME":"Summerfield Avenue","ELEVTYP_F":0,"ELEVTYP_T":0},"geometry":{"type":"LineString","coordinates":[[-74.0270944371976,40.2197659525203],[-74.0275996314057,40.2198026606502],[-74.0276319963032,40.2198053317259],[-74.0280826731299,40.2198425429928],[-74.0281059783985,40.2198451451014],[-74.0281289644279,40.2198490763927],[-74.0281515023999,40.2198543148349],[-74.0281734660071,40.2198608310708]]}},{"type":"Feature","id":155757,"properties":{"OBJECTID":155757,"PRIMENAME":"Bangs Avenue","ELEVTYP_F":0,"ELEVTYP_T":0},"geometry":{"type":"LineString","coordinates":[[-74.0228053348438,40.2189000401084],[-74.0225715775184,40.2188817535703],[-74.0223748661791,40.2188663646763],[-74.0215499244289,40.2188037422179]]}},{"type":"Feature","id":156092,"properties":{"OBJECTID":156092,"PRIMENAME":"Mount Hermon Way","ELEVTYP_F":0,"ELEVTYP_T":0},"geometry":{"type":"LineString","coordinates":[[-74.0131451663413,40.2139493265399],[-74.013058998188,40.2139309830827],[-74.0124793484624,40.213807642482]]}},{"type":"Feature","id":156178,"properties":{"OBJECTID":156178,"PRIMENAME":"6th Avenue","ELEVTYP_F":0,"ELEVTYP_T":0},"geometry":{"type":"LineString","coordinates":[[-74.0010835011654,40.2263433833748],[-74.0012612648014,40.2263612252769]]}},{"type":"Feature","id":156422,"properties":{"OBJECTID":156422,"PRIMENAME":"Atlantic Avenue","ELEVTYP_F":0,"ELEVTYP_T":0},"geometry":{"type":"LineString","coordinates":[[-74.0048783445577,40.2155661610115],[-74.0047789123726,40.2155449265517],[-74.0035579135376,40.2152842237005]]}},{"type":"Feature","id":157632,"properties":{"OBJECTID":157632,"PRIMENAME":"Main Street","ELEVTYP_F":0,"ELEVTYP_T":0},"geometry":{"type":"LineString","coordinates":[[-74.0099036558077,40.2256666440791],[-74.0097927876808,40.2259726534551],[-74.0094348400736,40.2269621162845]]}},{"type":"Feature","id":158061,"properties":{"OBJECTID":158061,"PRIMENAME":"Emory Street","ELEVTYP_F":0,"ELEVTYP_T":0},"geometry":{"type":"LineString","coordinates":[[-74.0099483294667,40.2153064859142],[-74.0100080433466,40.2154032618175],[-74.0103773706404,40.2160019983131]]}},{"type":"Feature","id":158233,"properties":{"OBJECTID":158233,"PRIMENAME":"Unnamed Segment","ELEVTYP_F":0,"ELEVTYP_T":0},"geometry":{"type":"LineString","coordinates":[[-74.0145254699653,40.2274618014857],[-74.0152702896213,40.2276107991552]]}},{"type":"Feature","id":158251,"properties":{"OBJECTID":158251,"PRIMENAME":"Mattison Avenue","ELEVTYP_F":0,"ELEVTYP_T":0},"geometry":{"type":"LineString","coordinates":[[-74.0174008725941,40.2176047836892],[-74.0169384613061,40.2175070819921]]}},{"type":"Feature","id":158296,"properties":{"OBJECTID":158296,"PRIMENAME":"5th Avenue","ELEVTYP_F":0,"ELEVTYP_T":0},"geometry":{"type":"LineString","coordinates":[[-74.0038418139429,40.2243859934466],[-74.0054750353699,40.2247286435505]]}},{"type":"Feature","id":158424,"properties":{"OBJECTID":158424,"PRIMENAME":"Ridge Avenue","ELEVTYP_F":0,"ELEVTYP_T":0},"geometry":{"type":"LineString","coordinates":[[-74.0249916274894,40.2195101323489],[-74.0249966184617,40.2191440463916],[-74.0249915067612,40.219070974711]]}},{"type":"Feature","id":159280,"properties":{"OBJECTID":159280,"PRIMENAME":"Heck Street","ELEVTYP_F":0,"ELEVTYP_T":0},"geometry":{"type":"LineString","coordinates":[[-74.0057506876187,40.2190925379764],[-74.0058494339402,40.2188115721491],[-74.0060013561419,40.2183792944787],[-74.0060194453973,40.218329408787]]}},{"type":"Feature","id":159338,"properties":{"OBJECTID":159338,"PRIMENAME":"Langford Street","ELEVTYP_F":0,"ELEVTYP_T":0},"geometry":{"type":"LineString","coordinates":[[-74.0167024432706,40.2154838166116],[-74.0166714294264,40.2155694724379],[-74.0166493120329,40.2156305860897],[-74.0163005312409,40.2165942900185]]}},{"type":"Feature","id":160726,"properties":{"OBJECTID":160726,"PRIMENAME":"Grand Avenue","ELEVTYP_F":0,"ELEVTYP_T":0},"geometry":{"type":"LineString","coordinates":[[-74.0082022313784,40.2168500364868],[-74.0082747105474,40.2169591391315],[-74.0081840338694,40.2172123872601]]}},{"type":"Feature","id":161823,"properties":{"OBJECTID":161823,"PRIMENAME":"Main Avenue","ELEVTYP_F":0,"ELEVTYP_T":0},"geometry":{"type":"LineString","coordinates":[[-74.0118906274459,40.2131623054672],[-74.0111360780098,40.2130019828726]]}},{"type":"Feature","id":163299,"properties":{"OBJECTID":163299,"PRIMENAME":"Mount Tabor Way","ELEVTYP_F":0,"ELEVTYP_T":0},"geometry":{"type":"LineString","coordinates":[[-74.0092241040245,40.2135657833316],[-74.0100155083712,40.2137353882844]]}},{"type":"Feature","id":163614,"properties":{"OBJECTID":163614,"PRIMENAME":"Mattison Avenue","ELEVTYP_F":0,"ELEVTYP_T":0},"geometry":{"type":"LineString","coordinates":[[-74.0160389142351,40.2173171737577],[-74.0147336704681,40.217043608182],[-74.0145497006011,40.217005034713]]}},{"type":"Feature","id":163785,"properties":{"OBJECTID":163785,"PRIMENAME":"Whitesville Road","ELEVTYP_F":0,"ELEVTYP_T":0},"geometry":{"type":"LineString","coordinates":[[-74.0260440269016,40.2238566044335],[-74.0260050682801,40.2238976127258],[-74.0259721472855,40.2239385475584]]}},{"type":"Feature","id":163987,"properties":{"OBJECTID":163987,"PRIMENAME":"7th Avenue","ELEVTYP_F":0,"ELEVTYP_T":0},"geometry":{"type":"LineString","coordinates":[[-74.0086707511415,40.229073234515],[-74.0095289804144,40.2292538055335],[-74.0095716899965,40.2292522284069],[-74.0095849767996,40.229251737099],[-74.0096383380517,40.2292277505047],[-74.0096786871028,40.2291805111354]]}},{"type":"Feature","id":164812,"properties":{"OBJECTID":164812,"PRIMENAME":"5th Avenue","ELEVTYP_F":0,"ELEVTYP_T":0},"geometry":{"type":"LineString","coordinates":[[-74.0007746095893,40.2237261619781],[-74.0019352537409,40.2239777402497]]}},{"type":"Feature","id":165970,"properties":{"OBJECTID":165970,"PRIMENAME":"Columbus Avenue","ELEVTYP_F":0,"ELEVTYP_T":0},"geometry":{"type":"LineString","coordinates":[[-74.0272956810699,40.2185731128344],[-74.0273776832075,40.218579130023],[-74.0286140476108,40.2186700434438]]}},{"type":"Feature","id":166143,"properties":{"OBJECTID":166143,"PRIMENAME":"Emory Street","ELEVTYP_F":0,"ELEVTYP_T":0},"geometry":{"type":"LineString","coordinates":[[-74.0062728116796,40.2274259591994],[-74.0061851814168,40.2276660838081],[-74.0059287911625,40.2283686354628],[-74.0058882959527,40.2284801671523]]}},{"type":"Feature","id":166848,"properties":{"OBJECTID":166848,"PRIMENAME":"Ivy Place","ELEVTYP_F":0,"ELEVTYP_T":0},"geometry":{"type":"LineString","coordinates":[[-74.0250482687863,40.2140467559339],[-74.0255356844114,40.2140158767399],[-74.0256218435097,40.214010410631]]}},{"type":"Feature","id":167210,"properties":{"OBJECTID":167210,"PRIMENAME":"Asbury Avenue","ELEVTYP_F":0,"ELEVTYP_T":0},"geometry":{"type":"LineString","coordinates":[[-74.0118100650538,40.2203767299729],[-74.0105751446873,40.2201137367367]]}},{"type":"Feature","id":167644,"properties":{"OBJECTID":167644,"PRIMENAME":"Atkins Avenue","ELEVTYP_F":0,"ELEVTYP_T":0},"geometry":{"type":"LineString","coordinates":[[-74.0208651891346,40.2145307824553],[-74.0209745480308,40.2136666454236],[-74.0210180965409,40.2133200454735]]}},{"type":"Feature","id":167815,"properties":{"OBJECTID":167815,"PRIMENAME":"Prospect Avenue","ELEVTYP_F":0,"ELEVTYP_T":0},"geometry":{"type":"LineString","coordinates":[[-74.0167589834723,40.2153276520251],[-74.0165086059678,40.2148586510462],[-74.0164655273845,40.2147778979522]]}},{"type":"Feature","id":168053,"properties":{"OBJECTID":168053,"PRIMENAME":"Monroe Avenue","ELEVTYP_F":0,"ELEVTYP_T":0},"geometry":{"type":"LineString","coordinates":[[-74.0214185052401,40.2210876588136],[-74.0216372004606,40.2210996807197],[-74.0231850675515,40.2211764196667],[-74.0234993480623,40.2211919976292]]}},{"type":"Feature","id":168382,"properties":{"OBJECTID":168382,"PRIMENAME":"Wickapecko Drive","ELEVTYP_F":0,"ELEVTYP_T":0},"geometry":{"type":"LineString","coordinates":[[-74.0266590090097,40.2283320638931],[-74.0268571995389,40.2277581291646],[-74.0268689722182,40.2277237248807]]}},{"type":"Feature","id":169973,"properties":{"OBJECTID":169973,"PRIMENAME":"Washington Avenue","ELEVTYP_F":0,"ELEVTYP_T":0},"geometry":{"type":"LineString","coordinates":[[-74.024983314688,40.2203158562002],[-74.0251121079385,40.2203037572784],[-74.0254975459875,40.2203101142533],[-74.0255771476534,40.220310690934]]}},{"type":"Feature","id":170016,"properties":{"OBJECTID":170016,"PRIMENAME":"Elizabeth Avenue","ELEVTYP_F":0,"ELEVTYP_T":0},"geometry":{"type":"LineString","coordinates":[[-74.0237072905118,40.2171702112514],[-74.0238092071223,40.2163568832437],[-74.0238121863091,40.2163293989098],[-74.0239155562969,40.2153755088948],[-74.023923289542,40.2153041093593]]}},{"type":"Feature","id":170510,"properties":{"OBJECTID":170510,"PRIMENAME":"7th Avenue","ELEVTYP_F":0,"ELEVTYP_T":0},"geometry":{"type":"LineString","coordinates":[[-74.0058882959527,40.2284801671523],[-74.0061788193245,40.2285421310447],[-74.0074445545432,40.2288120842179]]}},{"type":"Feature","id":171181,"properties":{"OBJECTID":171181,"PRIMENAME":"3rd Avenue","ELEVTYP_F":0,"ELEVTYP_T":0},"geometry":{"type":"LineString","coordinates":[[-73.9999452416641,40.221390007732],[-74.00151026729,40.2216786059386]]}},{"type":"Feature","id":171191,"properties":{"OBJECTID":171191,"PRIMENAME":"South Wanamassa Drive","ELEVTYP_F":0,"ELEVTYP_T":0},"geometry":{"type":"LineString","coordinates":[[-74.0240503785087,40.229116416747],[-74.0232127068916,40.2288540375047]]}},{"type":"Feature","id":171199,"properties":{"OBJECTID":171199,"PRIMENAME":"Unnamed Segment","ELEVTYP_F":0,"ELEVTYP_T":0},"geometry":{"type":"LineString","coordinates":[[-74.0133583153001,40.2269862832906],[-74.0134366346993,40.2270025895285],[-74.0146041816977,40.2272449829525]]}},{"type":"Feature","id":172044,"properties":{"OBJECTID":172044,"PRIMENAME":"Ocean Avenue","ELEVTYP_F":0,"ELEVTYP_T":0},"geometry":{"type":"LineString","coordinates":[[-73.9981312589188,40.2269860197413],[-73.9979718956774,40.2274883395936],[-73.9978987368405,40.2277143954535]]}},{"type":"Feature","id":173842,"properties":{"OBJECTID":173842,"PRIMENAME":"Delaware Avenue","ELEVTYP_F":0,"ELEVTYP_T":0},"geometry":{"type":"LineString","coordinates":[[-74.01095876208,40.2134841513379],[-74.0108039419276,40.2139051680162]]}},{"type":"Feature","id":174343,"properties":{"OBJECTID":174343,"PRIMENAME":"7th Avenue","ELEVTYP_F":0,"ELEVTYP_T":0},"geometry":{"type":"LineString","coordinates":[[-73.9995196403737,40.2272119802543],[-74.0007010827024,40.2274041715952]]}},{"type":"Feature","id":174454,"properties":{"OBJECTID":174454,"PRIMENAME":"Emory Street","ELEVTYP_F":0,"ELEVTYP_T":0},"geometry":{"type":"LineString","coordinates":[[-74.0093003812669,40.2190211385937],[-74.0090696542004,40.2196601324656],[-74.0090253564609,40.2197840848644]]}},{"type":"Feature","id":175714,"properties":{"OBJECTID":175714,"PRIMENAME":"Unnamed Segment","ELEVTYP_F":0,"ELEVTYP_T":0},"geometry":{"type":"LineString","coordinates":[[-74.0181734220477,40.215580159372],[-74.0180574233663,40.2156211595699],[-74.0175884222713,40.2157591584709]]}},{"type":"Feature","id":175869,"properties":{"OBJECTID":175869,"PRIMENAME":"7th Avenue","ELEVTYP_F":0,"ELEVTYP_T":0},"geometry":{"type":"LineString","coordinates":[[-74.0007166892748,40.227361522893],[-73.9999910588448,40.2271714944485],[-73.9995715462599,40.2270647579746]]}},{"type":"Feature","id":177362,"properties":{"OBJECTID":177362,"PRIMENAME":"8th Avenue","ELEVTYP_F":0,"ELEVTYP_T":0},"geometry":{"type":"LineString","coordinates":[[-74.006966536444,40.2298604611328],[-74.0066708603063,40.2297921077293],[-74.0061705131652,40.229685814373],[-74.0057223084999,40.2295905955]]}},{"type":"Feature","id":177582,"properties":{"OBJECTID":177582,"PRIMENAME":"Mount Zion Way","ELEVTYP_F":0,"ELEVTYP_T":0},"geometry":{"type":"LineString","coordinates":[[-74.0089092090221,40.2144231900398],[-74.0081701922962,40.2142630239132],[-74.0081159189037,40.2142512629014]]}},{"type":"Feature","id":177834,"properties":{"OBJECTID":177834,"PRIMENAME":"3rd Avenue","ELEVTYP_F":0,"ELEVTYP_T":0},"geometry":{"type":"LineString","coordinates":[[-74.0032475614742,40.2219616979175],[-74.0016888418999,40.2215597370931],[-74.0015393684512,40.2215975268722]]}},{"type":"Feature","id":177934,"properties":{"OBJECTID":177934,"PRIMENAME":"Bimbler Boulevard","ELEVTYP_F":0,"ELEVTYP_T":0},"geometry":{"type":"LineString","coordinates":[[-74.0272703596448,40.2255450076701],[-74.0273739439847,40.2254769365483],[-74.0275613236731,40.2253537810705],[-74.0277297128658,40.2252782049458],[-74.0278457757094,40.2252491400855]]}},{"type":"Feature","id":178205,"properties":{"OBJECTID":178205,"PRIMENAME":"Kingsley Street","ELEVTYP_F":0,"ELEVTYP_T":0},"geometry":{"type":"LineString","coordinates":[[-74.0022748163199,40.2195672868294],[-74.0023327451648,40.2194077894438]]}},{"type":"Feature","id":179275,"properties":{"OBJECTID":179275,"PRIMENAME":"Mattison Avenue","ELEVTYP_F":0,"ELEVTYP_T":0},"geometry":{"type":"LineString","coordinates":[[-74.0229144401448,40.2180490226928],[-74.0235902742608,40.2181041037577]]}},{"type":"Feature","id":179505,"properties":{"OBJECTID":179505,"PRIMENAME":"Langford Street","ELEVTYP_F":0,"ELEVTYP_T":0},"geometry":{"type":"LineString","coordinates":[[-74.0147193540158,40.2209929461845],[-74.0143436191214,40.2220547149707]]}},{"type":"Feature","id":182434,"properties":{"OBJECTID":182434,"PRIMENAME":"Asbury Avenue","ELEVTYP_F":0,"ELEVTYP_T":0},"geometry":{"type":"LineString","coordinates":[[-74.0130792398865,40.2206435063597],[-74.0128460201251,40.2205944868826],[-74.0119685099829,40.2204100393278],[-74.0118100650538,40.2203767299729]]}},{"type":"Feature","id":182442,"properties":{"OBJECTID":182442,"PRIMENAME":"Garven Avenue","ELEVTYP_F":0,"ELEVTYP_T":0},"geometry":{"type":"LineString","coordinates":[[-74.0230206998184,40.2310332176328],[-74.0240054519768,40.2292000716854],[-74.0240503785087,40.229116416747]]}},{"type":"Feature","id":182933,"properties":{"OBJECTID":182933,"PRIMENAME":"Bangs Avenue","ELEVTYP_F":0,"ELEVTYP_T":0},"geometry":{"type":"LineString","coordinates":[[-74.0254631743733,40.2191078283735],[-74.0249915067612,40.219070974711]]}},{"type":"Feature","id":185357,"properties":{"OBJECTID":185357,"PRIMENAME":"6th Avenue","ELEVTYP_F":0,"ELEVTYP_T":0},"geometry":{"type":"LineString","coordinates":[[-74.0090529876455,40.2280167298974],[-74.0078236224631,40.2277554872974]]}},{"type":"Feature","id":185590,"properties":{"OBJECTID":185590,"PRIMENAME":"Comstock Street","ELEVTYP_F":0,"ELEVTYP_T":0},"geometry":{"type":"LineString","coordinates":[[-74.0148003912743,40.2267063920778],[-74.0149940669573,40.2261812696163]]}},{"type":"Feature","id":186193,"properties":{"OBJECTID":186193,"PRIMENAME":"Pitman Avenue","ELEVTYP_F":0,"ELEVTYP_T":0},"geometry":{"type":"LineString","coordinates":[[-74.0066750071447,40.2130206935584],[-74.0071650810418,40.2131244111039]]}},{"type":"Feature","id":186426,"properties":{"OBJECTID":186426,"PRIMENAME":"Bond Street","ELEVTYP_F":0,"ELEVTYP_T":0},"geometry":{"type":"LineString","coordinates":[[-74.0121445818495,40.2157487986752],[-74.0123152231458,40.2153081367034],[-74.0124414292617,40.2150465244426],[-74.0124775596402,40.2149717308775]]}},{"type":"Feature","id":187424,"properties":{"OBJECTID":187424,"PRIMENAME":"Bangs Avenue","ELEVTYP_F":0,"ELEVTYP_T":0},"geometry":{"type":"LineString","coordinates":[[-74.0157769482562,40.2180481820983],[-74.0141233871336,40.2177003750961]]}},{"type":"Feature","id":187857,"properties":{"OBJECTID":187857,"PRIMENAME":"Monmouth Avenue","ELEVTYP_F":0,"ELEVTYP_T":0},"geometry":{"type":"LineString","coordinates":[[-74.0191630125466,40.2172343848365],[-74.0191371023516,40.2172218137162],[-74.0191081467403,40.2171843308899],[-74.0189703189951,40.2169046483729],[-74.0187521944067,40.2164950838481],[-74.0187289046203,40.2164514467767]]}},{"type":"Feature","id":188131,"properties":{"OBJECTID":188131,"PRIMENAME":"Boardwalk","ELEVTYP_F":0,"ELEVTYP_T":0},"geometry":{"type":"LineString","coordinates":[[-74.0020087546206,40.215470230797],[-74.0021789296242,40.2149897749026]]}},{"type":"Feature","id":188315,"properties":{"OBJECTID":188315,"PRIMENAME":"2nd Avenue","ELEVTYP_F":0,"ELEVTYP_T":0},"geometry":{"type":"LineString","coordinates":[[-74.0110470514714,40.22249361014],[-74.0119886855148,40.2226941435921],[-74.0120856502799,40.2227145220282],[-74.012317531097,40.2227632545792]]}},{"type":"Feature","id":188619,"properties":{"OBJECTID":188619,"PRIMENAME":"Sunset Avenue","ELEVTYP_F":0,"ELEVTYP_T":0},"geometry":{"type":"LineString","coordinates":[[-74.0183728994003,40.2292433209995],[-74.018772678705,40.2296598122081],[-74.0187743945151,40.229660951483],[-74.0189026568557,40.2297461412737],[-74.0190267410498,40.2297847886026],[-74.0190517920344,40.2297927438324]]}},{"type":"Feature","id":189776,"properties":{"OBJECTID":189776,"PRIMENAME":"Atkins Avenue","ELEVTYP_F":0,"ELEVTYP_T":0},"geometry":{"type":"LineString","coordinates":[[-74.0210180965409,40.2133200454735],[-74.0210206377016,40.2132998503226],[-74.0210163233257,40.2132355020023]]}},{"type":"Feature","id":189865,"properties":{"OBJECTID":189865,"PRIMENAME":"Summerfield Avenue","ELEVTYP_F":0,"ELEVTYP_T":0},"geometry":{"type":"LineString","coordinates":[[-74.0175108413092,40.2191950853476],[-74.0159303598071,40.218854170155],[-74.0156413366106,40.2187918244633],[-74.0155168576221,40.2187664864297]]}},{"type":"Feature","id":190031,"properties":{"OBJECTID":190031,"PRIMENAME":"Pennsylvania Avenue","ELEVTYP_F":0,"ELEVTYP_T":0},"geometry":{"type":"LineString","coordinates":[[-74.0090666556571,40.2139923040299],[-74.0092241040245,40.2135657833316]]}},{"type":"Feature","id":190248,"properties":{"OBJECTID":190248,"PRIMENAME":"Whitesville Road","ELEVTYP_F":0,"ELEVTYP_T":0},"geometry":{"type":"LineString","coordinates":[[-74.0246186559156,40.2246634092391],[-74.0241132647748,40.2248033959888],[-74.0239058174238,40.2248608549516],[-74.0234335053054,40.2249870324137]]}},{"type":"Feature","id":191097,"properties":{"OBJECTID":191097,"PRIMENAME":"Atkins Avenue","ELEVTYP_F":0,"ELEVTYP_T":0},"geometry":{"type":"LineString","coordinates":[[-74.0204126454606,40.217861094245],[-74.0205104992937,40.2170558504056]]}},{"type":"Feature","id":191611,"properties":{"OBJECTID":191611,"PRIMENAME":"Mount Hermon Way","ELEVTYP_F":0,"ELEVTYP_T":0},"geometry":{"type":"LineString","coordinates":[[-74.0093796515339,40.2131445250563],[-74.0087077647049,40.2129975219569],[-74.0085889923185,40.2129721457494]]}},{"type":"Feature","id":191828,"properties":{"OBJECTID":191828,"PRIMENAME":"Fisher Avenue","ELEVTYP_F":0,"ELEVTYP_T":0},"geometry":{"type":"LineString","coordinates":[[-74.0271707679124,40.2173938738071],[-74.0272956810699,40.2185731128344]]}},{"type":"Feature","id":192576,"properties":{"OBJECTID":192576,"PRIMENAME":"Borden Avenue","ELEVTYP_F":0,"ELEVTYP_T":0},"geometry":{"type":"LineString","coordinates":[[-74.0222737227002,40.2132116642163],[-74.0220214977682,40.2150769538623],[-74.0220114761519,40.2151629211858]]}},{"type":"Feature","id":192789,"properties":{"OBJECTID":192789,"PRIMENAME":"Drummond Avenue","ELEVTYP_F":0,"ELEVTYP_T":0},"geometry":{"type":"LineString","coordinates":[[-74.0246186559156,40.2246634092391],[-74.0241211326652,40.2236790157629],[-74.0241186235172,40.223674053563],[-74.0237628261949,40.2229815294461],[-74.0237206764459,40.2228994103426]]}},{"type":"Feature","id":192936,"properties":{"OBJECTID":192936,"PRIMENAME":"Bangs Avenue","ELEVTYP_F":0,"ELEVTYP_T":0},"geometry":{"type":"LineString","coordinates":[[-74.0177710712981,40.2184694744981],[-74.0164918498906,40.2181985077045],[-74.0157769482562,40.2180481820983]]}},{"type":"Feature","id":193536,"properties":{"OBJECTID":193536,"PRIMENAME":"Ocean Pathway","ELEVTYP_F":0,"ELEVTYP_T":0},"geometry":{"type":"LineString","coordinates":[[-74.004249225946,40.2133960106798],[-74.0029940579258,40.2130684454946],[-74.0028862652086,40.2130403103948]]}},{"type":"Feature","id":193925,"properties":{"OBJECTID":193925,"PRIMENAME":"Wanamassa Place","ELEVTYP_F":0,"ELEVTYP_T":0},"geometry":{"type":"LineString","coordinates":[[-74.0186882995304,40.2302003013423],[-74.0186557393783,40.2302612474997],[-74.0184228099199,40.230697431701],[-74.0184001956307,40.2307397789211]]}},{"type":"Feature","id":193998,"properties":{"OBJECTID":193998,"PRIMENAME":"Summerfield Avenue","ELEVTYP_F":0,"ELEVTYP_T":0},"geometry":{"type":"LineString","coordinates":[[-74.0227491938587,40.2193372635085],[-74.021687486517,40.2192554107697],[-74.0214999272815,40.2192421441605]]}},{"type":"Feature","id":194276,"properties":{"OBJECTID":194276,"PRIMENAME":"7th Avenue","ELEVTYP_F":0,"ELEVTYP_T":0},"geometry":{"type":"LineString","coordinates":[[-74.001172217366,40.2274807910365],[-74.0007166892748,40.227361522893]]}},{"type":"Feature","id":194484,"properties":{"OBJECTID":194484,"PRIMENAME":"Ivy Place","ELEVTYP_F":0,"ELEVTYP_T":0},"geometry":{"type":"LineString","coordinates":[[-74.0244777070521,40.2140829117225],[-74.024571138245,40.2140769818017],[-74.0250482687863,40.2140467559339]]}},{"type":"Feature","id":195235,"properties":{"OBJECTID":195235,"PRIMENAME":"Asbury Avenue","ELEVTYP_F":0,"ELEVTYP_T":0},"geometry":{"type":"LineString","coordinates":[[-74.0167064823316,40.2214168637831],[-74.0147193540158,40.2209929461845]]}},{"type":"Feature","id":195356,"properties":{"OBJECTID":195356,"PRIMENAME":"3rd Avenue","ELEVTYP_F":0,"ELEVTYP_T":0},"geometry":{"type":"LineString","coordinates":[[-74.0035649844659,40.2220435229106],[-74.0032475614742,40.2219616979175]]}},{"type":"Feature","id":195706,"properties":{"OBJECTID":195706,"PRIMENAME":"Prospect Avenue","ELEVTYP_F":0,"ELEVTYP_T":0},"geometry":{"type":"LineString","coordinates":[[-74.0240222964952,40.2261233785803],[-74.0238610188599,40.2258320214046],[-74.0238254100179,40.2257616244797]]}},{"type":"Feature","id":197086,"properties":{"OBJECTID":197086,"PRIMENAME":"Summerfield Avenue","ELEVTYP_F":0,"ELEVTYP_T":0},"geometry":{"type":"LineString","coordinates":[[-74.0138620263229,40.2184289371372],[-74.013660389719,40.2183862494512],[-74.0129274512353,40.2182310776318],[-74.0126119618953,40.2181642816805]]}},{"type":"Feature","id":197693,"properties":{"OBJECTID":197693,"PRIMENAME":"1st Avenue","ELEVTYP_F":0,"ELEVTYP_T":0},"geometry":{"type":"LineString","coordinates":[[-74.0114250658486,40.22144097573],[-74.0109476130439,40.2213409818008],[-74.0101865872995,40.2211724719607]]}},{"type":"Feature","id":197776,"properties":{"OBJECTID":197776,"PRIMENAME":"1st Avenue","ELEVTYP_F":0,"ELEVTYP_T":0},"geometry":{"type":"LineString","coordinates":[[-74.0163282693388,40.2224735767777],[-74.0143436191214,40.2220547149707]]}},{"type":"Feature","id":198315,"properties":{"OBJECTID":198315,"PRIMENAME":"4th Avenue","ELEVTYP_F":0,"ELEVTYP_T":0},"geometry":{"type":"LineString","coordinates":[[-74.0132037022586,40.2252296637099],[-74.0115516080778,40.2248796574783]]}},{"type":"Feature","id":198504,"properties":{"OBJECTID":198504,"PRIMENAME":"Deal Lake Drive","ELEVTYP_F":0,"ELEVTYP_T":0},"geometry":{"type":"LineString","coordinates":[[-74.0019295013084,40.2302054679027],[-74.0016874791037,40.2301424655644],[-74.0014640822158,40.2300795438474],[-74.0013029318717,40.2300073905674],[-74.0012370060442,40.2299719876254],[-74.0011418870026,40.2299209078806],[-74.0009931314035,40.2298535297956],[-74.0007202313133,40.2297570108249],[-74.0002549208279,40.2296072804066],[-74.0000254011226,40.2295395802497],[-73.9999330297703,40.2295151873817]]}},{"type":"Feature","id":198950,"properties":{"OBJECTID":198950,"PRIMENAME":"Beach Avenue","ELEVTYP_F":0,"ELEVTYP_T":0},"geometry":{"type":"LineString","coordinates":[[-74.0039094054995,40.2143237393312],[-74.0037310299814,40.2148112725873]]}},{"type":"Feature","id":200226,"properties":{"OBJECTID":200226,"PRIMENAME":"Heck Street","ELEVTYP_F":0,"ELEVTYP_T":0},"geometry":{"type":"LineString","coordinates":[[-74.005361372945,40.2201473566352],[-74.0057220195789,40.2191740325036],[-74.0057506876187,40.2190925379764]]}},{"type":"Feature","id":200312,"properties":{"OBJECTID":200312,"PRIMENAME":"New York Avenue","ELEVTYP_F":0,"ELEVTYP_T":0},"geometry":{"type":"LineString","coordinates":[[-74.0082719805652,40.2138244079902],[-74.0084313818796,40.2133958647476]]}},{"type":"Feature","id":200612,"properties":{"OBJECTID":200612,"PRIMENAME":"Dewitt Avenue","ELEVTYP_F":0,"ELEVTYP_T":0},"geometry":{"type":"LineString","coordinates":[[-74.0230339954256,40.2171169264686],[-74.0230921421889,40.2166637051952],[-74.0231454692037,40.2162377507341],[-74.0232567372846,40.2153489412275],[-74.0232687779326,40.2152557893508]]}},{"type":"Feature","id":201025,"properties":{"OBJECTID":201025,"PRIMENAME":"Cookman Avenue","ELEVTYP_F":0,"ELEVTYP_T":0},"geometry":{"type":"LineString","coordinates":[[-74.0082022313784,40.2168500364868],[-74.0083361858334,40.2167966391622],[-74.0088743215494,40.2165821259456]]}},{"type":"Feature","id":201269,"properties":{"OBJECTID":201269,"PRIMENAME":"Deal Lake Drive","ELEVTYP_F":0,"ELEVTYP_T":0},"geometry":{"type":"LineString","coordinates":[[-73.9977335649249,40.2297784517906],[-73.9977038164045,40.2298345523261],[-73.9975968007997,40.2301438880773]]}},{"type":"Feature","id":201386,"properties":{"OBJECTID":201386,"PRIMENAME":"Washington Avenue","ELEVTYP_F":0,"ELEVTYP_T":0},"geometry":{"type":"LineString","coordinates":[[-74.0219258026382,40.2200925977304],[-74.0225827613663,40.2201456027371],[-74.0241449898744,40.2202692544521],[-74.0248694632426,40.2203265896513],[-74.024983314688,40.2203158562002]]}},{"type":"Feature","id":201576,"properties":{"OBJECTID":201576,"PRIMENAME":"Vina Avenue","ELEVTYP_F":0,"ELEVTYP_T":0},"geometry":{"type":"LineString","coordinates":[[-74.0246823444738,40.23154819825],[-74.0249123854378,40.2311102332916],[-74.0255929306239,40.229826191198],[-74.0256685000806,40.2296882779311],[-74.025701913427,40.2296272233985]]}},{"type":"Feature","id":201916,"properties":{"OBJECTID":201916,"PRIMENAME":"Summerfield Avenue","ELEVTYP_F":0,"ELEVTYP_T":0},"geometry":{"type":"LineString","coordinates":[[-74.0126119618953,40.2181642816805],[-74.0113790699134,40.2179032545771]]}},{"type":"Feature","id":203096,"properties":{"OBJECTID":203096,"PRIMENAME":"Lawrence Avenue","ELEVTYP_F":0,"ELEVTYP_T":0},"geometry":{"type":"LineString","coordinates":[[-74.0131451663413,40.2139493265399],[-74.0130094424503,40.2143406682958],[-74.0129513426948,40.2145081324289],[-74.0129178871527,40.2146045679242]]}},{"type":"Feature","id":203114,"properties":{"OBJECTID":203114,"PRIMENAME":"Comstock Street","ELEVTYP_F":0,"ELEVTYP_T":0},"geometry":{"type":"LineString","coordinates":[[-74.015947625011,40.2235431811532],[-74.0162857691295,40.2225930369766],[-74.0163282693388,40.2224735767777]]}},{"type":"Feature","id":203166,"properties":{"OBJECTID":203166,"PRIMENAME":"Pine Street","ELEVTYP_F":0,"ELEVTYP_T":0},"geometry":{"type":"LineString","coordinates":[[-74.0166923246424,40.2271080307268],[-74.0162764117542,40.2282788979632],[-74.0162354406852,40.2283943014903]]}},{"type":"Feature","id":203184,"properties":{"OBJECTID":203184,"PRIMENAME":"Pennsylvania Avenue","ELEVTYP_F":0,"ELEVTYP_T":0},"geometry":{"type":"LineString","coordinates":[[-74.0089092090221,40.2144231900398],[-74.0089215852902,40.2143853576169],[-74.0090666556571,40.2139923040299]]}},{"type":"Feature","id":204044,"properties":{"OBJECTID":204044,"PRIMENAME":"Lake Avenue","ELEVTYP_F":0,"ELEVTYP_T":0},"geometry":{"type":"LineString","coordinates":[[-74.0099483294667,40.2153064859142],[-74.0098311948984,40.2153414583722],[-74.009417383966,40.2154847367278],[-74.0090093960117,40.2156148614812],[-74.0085783621008,40.2157624833594],[-74.008336917313,40.2158537263835],[-74.0079803986539,40.21600166251],[-74.0077154678171,40.2161167703476]]}},{"type":"Feature","id":204299,"properties":{"OBJECTID":204299,"PRIMENAME":"Prospect Avenue","ELEVTYP_F":0,"ELEVTYP_T":0},"geometry":{"type":"LineString","coordinates":[[-74.0189656547716,40.219508882491],[-74.0187539298511,40.2191098042228],[-74.0187202193357,40.2190456723133]]}},{"type":"Feature","id":205554,"properties":{"OBJECTID":205554,"PRIMENAME":"Asbury Avenue","ELEVTYP_F":0,"ELEVTYP_T":0},"geometry":{"type":"LineString","coordinates":[[-74.0073821317729,40.2194369667385],[-74.0062466699388,40.219197251924],[-74.0057506876187,40.2190925379764]]}},{"type":"Feature","id":205773,"properties":{"OBJECTID":205773,"PRIMENAME":"Mattison Avenue","ELEVTYP_F":0,"ELEVTYP_T":0},"geometry":{"type":"LineString","coordinates":[[-74.0204126454606,40.217861094245],[-74.0205097486582,40.2178683866646],[-74.0216666936441,40.2179549273848]]}},{"type":"Feature","id":206154,"properties":{"OBJECTID":206154,"PRIMENAME":"Boardwalk","ELEVTYP_F":0,"ELEVTYP_T":0},"geometry":{"type":"LineString","coordinates":[[-74.0026645596657,40.2136449873408],[-74.0027300609613,40.2134676789228],[-74.0028862652086,40.2130403103948]]}},{"type":"Feature","id":206177,"properties":{"OBJECTID":206177,"PRIMENAME":"Comstock Street","ELEVTYP_F":0,"ELEVTYP_T":0},"geometry":{"type":"LineString","coordinates":[[-74.0149940669573,40.2261812696163],[-74.0151502685902,40.2257577285355],[-74.0151886037936,40.2256504680613]]}},{"type":"Feature","id":206212,"properties":{"OBJECTID":206212,"PRIMENAME":"Emory Street","ELEVTYP_F":0,"ELEVTYP_T":0},"geometry":{"type":"LineString","coordinates":[[-74.0086503052853,40.2208340330656],[-74.0084287278691,40.2214542042492],[-74.0082615780023,40.2219014640902]]}},{"type":"Feature","id":206976,"properties":{"OBJECTID":206976,"PRIMENAME":"Main Street","ELEVTYP_F":0,"ELEVTYP_T":0},"geometry":{"type":"LineString","coordinates":[[-74.0120864850752,40.2196198499107],[-74.0118100650538,40.2203767299729]]}},{"type":"Feature","id":207339,"properties":{"OBJECTID":207339,"PRIMENAME":"Memorial Drive","ELEVTYP_F":0,"ELEVTYP_T":0},"geometry":{"type":"LineString","coordinates":[[-74.0107098517682,40.2272248245234],[-74.0103644105521,40.2281943021083],[-74.0103332653316,40.2282817432978]]}},{"type":"Feature","id":207677,"properties":{"OBJECTID":207677,"PRIMENAME":"7th Avenue","ELEVTYP_F":0,"ELEVTYP_T":0},"geometry":{"type":"LineString","coordinates":[[-74.001172217366,40.2274807910365],[-74.001718557894,40.2275975662355],[-74.0028761328463,40.2278425604387]]}},{"type":"Feature","id":207886,"properties":{"OBJECTID":207886,"PRIMENAME":"Benson Avenue","ELEVTYP_F":0,"ELEVTYP_T":0},"geometry":{"type":"LineString","coordinates":[[-74.0128400784347,40.212813650037],[-74.0126846752547,40.2132478715916],[-74.0126564430614,40.2133249762967]]}},{"type":"Feature","id":208532,"properties":{"OBJECTID":208532,"PRIMENAME":"Grand Avenue","ELEVTYP_F":0,"ELEVTYP_T":0},"geometry":{"type":"LineString","coordinates":[[-74.003903294417,40.229203749543],[-74.0035653264824,40.2301505351999],[-74.0035204234575,40.2302763497289]]}},{"type":"Feature","id":208669,"properties":{"OBJECTID":208669,"PRIMENAME":"Drummond Court","ELEVTYP_F":0,"ELEVTYP_T":0},"geometry":{"type":"LineString","coordinates":[[-74.0251942305547,40.2258021666897],[-74.0261515596984,40.2255397338975],[-74.0263007031768,40.2254988487217],[-74.0262982508117,40.2254926186594],[-74.0261785516071,40.2251885750614],[-74.0261472656962,40.2251091087774]]}},{"type":"Feature","id":208957,"properties":{"OBJECTID":208957,"PRIMENAME":"Main Street","ELEVTYP_F":0,"ELEVTYP_T":0},"geometry":{"type":"LineString","coordinates":[[-74.008498498557,40.229545261528],[-74.0084634393175,40.2296998709537],[-74.0084404693673,40.2298011688876],[-74.0084001491352,40.2299789886925]]}},{"type":"Feature","id":209375,"properties":{"OBJECTID":209375,"PRIMENAME":"5th Avenue","ELEVTYP_F":0,"ELEVTYP_T":0},"geometry":{"type":"LineString","coordinates":[[-74.0148003912743,40.2267063920778],[-74.0165833599752,40.2270847905419],[-74.0166923246424,40.2271080307268]]}},{"type":"Feature","id":209546,"properties":{"OBJECTID":209546,"PRIMENAME":"Memorial Drive","ELEVTYP_F":0,"ELEVTYP_T":0},"geometry":{"type":"LineString","coordinates":[[-74.0119355094387,40.2238210905566],[-74.0115516080778,40.2248796574783]]}},{"type":"Feature","id":209755,"properties":{"OBJECTID":209755,"PRIMENAME":"Church Street","ELEVTYP_F":0,"ELEVTYP_T":0},"geometry":{"type":"LineString","coordinates":[[-74.0192330689249,40.2219498888686],[-74.0194556228061,40.2218722710089],[-74.0213260520574,40.2211365260677],[-74.0214185052401,40.2210876588136]]}},{"type":"Feature","id":210517,"properties":{"OBJECTID":210517,"PRIMENAME":"Unami Avenue","ELEVTYP_F":0,"ELEVTYP_T":0},"geometry":{"type":"LineString","coordinates":[[-74.0221960007616,40.2307773630573],[-74.0213528275858,40.2323680700868],[-74.0213116631967,40.2324456995983]]}},{"type":"Feature","id":211520,"properties":{"OBJECTID":211520,"PRIMENAME":"Main Street","ELEVTYP_F":0,"ELEVTYP_T":0},"geometry":{"type":"LineString","coordinates":[[-74.0090529876455,40.2280167298974],[-74.0089124828363,40.2284031855247],[-74.0087363863807,40.2288921355223],[-74.0086707511415,40.229073234515]]}},{"type":"Feature","id":211654,"properties":{"OBJECTID":211654,"PRIMENAME":"Ocean Avenue","ELEVTYP_F":0,"ELEVTYP_T":0},"geometry":{"type":"LineString","coordinates":[[-73.9989482936839,40.2244283834265],[-73.9985483858035,40.2256720024297]]}},{"type":"Feature","id":213073,"properties":{"OBJECTID":213073,"PRIMENAME":"New Street","ELEVTYP_F":0,"ELEVTYP_T":0},"geometry":{"type":"LineString","coordinates":[[-74.0194125349936,40.2237090699644],[-74.0196084743401,40.2231699254028]]}},{"type":"Feature","id":213765,"properties":{"OBJECTID":213765,"PRIMENAME":"2nd Avenue","ELEVTYP_F":0,"ELEVTYP_T":0},"geometry":{"type":"LineString","coordinates":[[-74.0039546299796,40.2209781706815],[-74.0036998781115,40.220913314809],[-74.003547162329,40.2208744354621],[-74.0027483797318,40.2206710723208],[-74.0019404323042,40.2204879770435]]}},{"type":"Feature","id":214217,"properties":{"OBJECTID":214217,"PRIMENAME":"Boardwalk","ELEVTYP_F":0,"ELEVTYP_T":0},"geometry":{"type":"LineString","coordinates":[[-73.9976658581919,40.2297752271789],[-73.9976655626925,40.2298152245841],[-73.9976525366928,40.2298961795758],[-73.9975968007997,40.2301438880773]]}},{"type":"Feature","id":214875,"properties":{"OBJECTID":214875,"PRIMENAME":"Comstock Street","ELEVTYP_F":0,"ELEVTYP_T":0},"geometry":{"type":"LineString","coordinates":[[-74.0143328751569,40.2279923360887],[-74.0145254699653,40.2274618014857]]}},{"type":"Feature","id":215470,"properties":{"OBJECTID":215470,"PRIMENAME":"McClintock Street","ELEVTYP_F":0,"ELEVTYP_T":0},"geometry":{"type":"LineString","coordinates":[[-74.0065204844916,40.2134514510277],[-74.0064479052372,40.2134359058289],[-74.0062887328999,40.2134018328455],[-74.0057246944995,40.2132810901314]]}},{"type":"Feature","id":215904,"properties":{"OBJECTID":215904,"PRIMENAME":"Grand Avenue","ELEVTYP_F":0,"ELEVTYP_T":0},"geometry":{"type":"LineString","coordinates":[[-74.0079202575856,40.2179494639334],[-74.0076972661968,40.2185724011823],[-74.0076589382088,40.2186776003906]]}},{"type":"Feature","id":216180,"properties":{"OBJECTID":216180,"PRIMENAME":"Monroe Avenue","ELEVTYP_F":0,"ELEVTYP_T":0},"geometry":{"type":"LineString","coordinates":[[-74.0249814150879,40.2212646615453],[-74.0255342420667,40.221287298542],[-74.025567158138,40.2212891996796]]}},{"type":"Feature","id":217038,"properties":{"OBJECTID":217038,"PRIMENAME":"Pine Street","ELEVTYP_F":0,"ELEVTYP_T":0},"geometry":{"type":"LineString","coordinates":[[-74.0172661402474,40.2255224379073],[-74.0170744634113,40.2260512788581]]}},{"type":"Feature","id":217283,"properties":{"OBJECTID":217283,"PRIMENAME":"Kingsley Street","ELEVTYP_F":0,"ELEVTYP_T":0},"geometry":{"type":"LineString","coordinates":[[-74.0019404323042,40.2204879770435],[-74.0019441965171,40.2204775887005],[-74.0022748163199,40.2195672868294]]}},{"type":"Feature","id":217315,"properties":{"OBJECTID":217315,"PRIMENAME":"Atlantic Avenue","ELEVTYP_F":0,"ELEVTYP_T":0},"geometry":{"type":"LineString","coordinates":[[-74.0199054597345,40.216160642384],[-74.0199933756068,40.2161552417989],[-74.0202419666199,40.2161657979088],[-74.0204967541807,40.2161811572147],[-74.0206188861965,40.2161885262009]]}},{"type":"Feature","id":217477,"properties":{"OBJECTID":217477,"PRIMENAME":"Adams Street","ELEVTYP_F":0,"ELEVTYP_T":0},"geometry":{"type":"LineString","coordinates":[[-74.0215954864222,40.2145861825289],[-74.0215027539754,40.2145791558756],[-74.0208651891346,40.2145307824553]]}},{"type":"Feature","id":219750,"properties":{"OBJECTID":219750,"PRIMENAME":"Emory Street","ELEVTYP_F":0,"ELEVTYP_T":0},"geometry":{"type":"LineString","coordinates":[[-74.0082615780023,40.2219014640902],[-74.0081814557094,40.2221156371315],[-74.0078780784942,40.2229626021242]]}},{"type":"Feature","id":220239,"properties":{"OBJECTID":220239,"PRIMENAME":"Adams Street","ELEVTYP_F":0,"ELEVTYP_T":0},"geometry":{"type":"LineString","coordinates":[[-74.0208651891346,40.2145307824553],[-74.0184457158741,40.214347242278],[-74.0183611448945,40.2143408234914]]}},{"type":"Feature","id":220268,"properties":{"OBJECTID":220268,"PRIMENAME":"Monroe Avenue","ELEVTYP_F":0,"ELEVTYP_T":0},"geometry":{"type":"LineString","coordinates":[[-74.0136027245637,40.2191539936242],[-74.0134209593097,40.2191166201184],[-74.012710910356,40.2189706228136],[-74.0125192655201,40.2189312158182],[-74.0123484208583,40.2188945342026]]}},{"type":"Feature","id":221252,"properties":{"OBJECTID":221252,"PRIMENAME":"Central Court","ELEVTYP_F":0,"ELEVTYP_T":0},"geometry":{"type":"LineString","coordinates":[[-74.0222523451921,40.2266427349689],[-74.0219333367143,40.2267343713811]]}},{"type":"Feature","id":221391,"properties":{"OBJECTID":221391,"PRIMENAME":"Wickapecko Drive","ELEVTYP_F":0,"ELEVTYP_T":0},"geometry":{"type":"LineString","coordinates":[[-74.0264602296274,40.2289077241952],[-74.0266590090097,40.2283320638931]]}},{"type":"Feature","id":221392,"properties":{"OBJECTID":221392,"PRIMENAME":"Seventh Avenue","ELEVTYP_F":0,"ELEVTYP_T":0},"geometry":{"type":"LineString","coordinates":[[-74.0108193803911,40.2258600493696],[-74.0111836773927,40.2248307208883],[-74.0111932328022,40.2248037240426]]}},{"type":"Feature","id":221424,"properties":{"OBJECTID":221424,"PRIMENAME":"Grand Avenue","ELEVTYP_F":0,"ELEVTYP_T":0},"geometry":{"type":"LineString","coordinates":[[-74.0046658724903,40.2270845578095],[-74.0042851510776,40.2281407806849]]}},{"type":"Feature","id":221974,"properties":{"OBJECTID":221974,"PRIMENAME":"Bangs Avenue","ELEVTYP_F":0,"ELEVTYP_T":0},"geometry":{"type":"LineString","coordinates":[[-74.0184782068321,40.2185850283242],[-74.0182362782954,40.2185680176221],[-74.0177710712981,40.2184694744981]]}},{"type":"Feature","id":223059,"properties":{"OBJECTID":223059,"PRIMENAME":"Bangs Avenue","ELEVTYP_F":0,"ELEVTYP_T":0},"geometry":{"type":"LineString","coordinates":[[-74.0286912215528,40.2193522222883],[-74.028306910045,40.2193235889448],[-74.0273674998491,40.2192509879915]]}},{"type":"Feature","id":223418,"properties":{"OBJECTID":223418,"PRIMENAME":"Main Street","ELEVTYP_F":0,"ELEVTYP_T":0},"geometry":{"type":"LineString","coordinates":[[-74.0123484208583,40.2188945342026],[-74.0122811930003,40.2190807356791],[-74.0120864850752,40.2196198499107]]}},{"type":"Feature","id":223796,"properties":{"OBJECTID":223796,"PRIMENAME":"Dunlewy Street","ELEVTYP_F":0,"ELEVTYP_T":0},"geometry":{"type":"LineString","coordinates":[[-74.0215411344637,40.2224357801715],[-74.0215959945724,40.2225436208043],[-74.022423881427,40.2241722537263],[-74.0228220471361,40.2250270365186],[-74.0228731729425,40.2251368101589]]}},{"type":"Feature","id":223825,"properties":{"OBJECTID":223825,"PRIMENAME":"Pine Street","ELEVTYP_F":0,"ELEVTYP_T":0},"geometry":{"type":"LineString","coordinates":[[-74.0178410638306,40.2239381640607],[-74.0176496940323,40.2244654150182]]}},{"type":"Feature","id":225316,"properties":{"OBJECTID":225316,"PRIMENAME":"Bond Street","ELEVTYP_F":0,"ELEVTYP_T":0},"geometry":{"type":"LineString","coordinates":[[-74.0129178871527,40.2146045679242],[-74.0127381687051,40.2147544244691]]}},{"type":"Feature","id":225502,"properties":{"OBJECTID":225502,"PRIMENAME":"Central Avenue","ELEVTYP_F":0,"ELEVTYP_T":0},"geometry":{"type":"LineString","coordinates":[[-74.0058817450787,40.2128527871316],[-74.0057246944995,40.2132810901314]]}},{"type":"Feature","id":225666,"properties":{"OBJECTID":225666,"PRIMENAME":"Bond Street","ELEVTYP_F":0,"ELEVTYP_T":0},"geometry":{"type":"LineString","coordinates":[[-74.010852424011,40.2193538153738],[-74.0110413171712,40.218833620647],[-74.0111153295245,40.218629796302]]}},{"type":"Feature","id":225732,"properties":{"OBJECTID":225732,"PRIMENAME":"Garven Avenue","ELEVTYP_F":0,"ELEVTYP_T":0},"geometry":{"type":"LineString","coordinates":[[-74.0221719104242,40.2326508104123],[-74.0221951636364,40.2326064331956],[-74.0222158034957,40.2325670420951],[-74.0229784573745,40.2311118043304],[-74.0230206998184,40.2310332176328]]}},{"type":"Feature","id":225944,"properties":{"OBJECTID":225944,"PRIMENAME":"3rd Avenue","ELEVTYP_F":0,"ELEVTYP_T":0},"geometry":{"type":"LineString","coordinates":[[-74.0015393684512,40.2215975268722],[-74.0013338627279,40.2214720898547],[-74.0001373075992,40.2211765364568],[-74.0000332814688,40.2211508585026]]}},{"type":"Feature","id":227199,"properties":{"OBJECTID":227199,"PRIMENAME":"Stratford Avenue","ELEVTYP_F":0,"ELEVTYP_T":0},"geometry":{"type":"LineString","coordinates":[[-74.0271707679124,40.2173938738071],[-74.0259765164697,40.2174658561097]]}},{"type":"Feature","id":227293,"properties":{"OBJECTID":227293,"PRIMENAME":"Emory Street","ELEVTYP_F":0,"ELEVTYP_T":0},"geometry":{"type":"LineString","coordinates":[[-74.007498589751,40.2240219985328],[-74.0071534152181,40.2249852084997],[-74.0071201878423,40.2250779656607]]}},{"type":"Feature","id":227368,"properties":{"OBJECTID":227368,"PRIMENAME":"Spray Avenue","ELEVTYP_F":0,"ELEVTYP_T":0},"geometry":{"type":"LineString","coordinates":[[-74.0032101577998,40.2162417020124],[-74.0031078329264,40.2162193008451],[-74.0018415765737,40.2159421879569],[-74.0018612450417,40.2158866642907]]}},{"type":"Feature","id":227600,"properties":{"OBJECTID":227600,"PRIMENAME":"Memorial Drive","ELEVTYP_F":0,"ELEVTYP_T":0},"geometry":{"type":"LineString","coordinates":[[-74.0160994930214,40.213931078401],[-74.0161351126758,40.2138555889207]]}},{"type":"Feature","id":227855,"properties":{"OBJECTID":227855,"PRIMENAME":"Drummond Avenue","ELEVTYP_F":0,"ELEVTYP_T":0},"geometry":{"type":"LineString","coordinates":[[-74.0250060806894,40.225429853127],[-74.0246186559156,40.2246634092391]]}},{"type":"Feature","id":228148,"properties":{"OBJECTID":228148,"PRIMENAME":"Myrtle Avenue","ELEVTYP_F":0,"ELEVTYP_T":0},"geometry":{"type":"LineString","coordinates":[[-74.0257697926657,40.2154403869714],[-74.0256320406715,40.2141091984477],[-74.0256218435097,40.214010410631]]}},{"type":"Feature","id":229700,"properties":{"OBJECTID":229700,"PRIMENAME":"Main Street","ELEVTYP_F":0,"ELEVTYP_T":0},"geometry":{"type":"LineString","coordinates":[[-74.0133981758171,40.2159792134254],[-74.013175500559,40.2166108930685],[-74.0131413946741,40.2167030449685]]}},{"type":"Feature","id":230592,"properties":{"OBJECTID":230592,"PRIMENAME":"6th Avenue","ELEVTYP_F":0,"ELEVTYP_T":0},"geometry":{"type":"LineString","coordinates":[[-74.0046658724903,40.2270845578095],[-74.0032555231648,40.2267848818858]]}},{"type":"Feature","id":231189,"properties":{"OBJECTID":231189,"PRIMENAME":"Bangs Avenue","ELEVTYP_F":0,"ELEVTYP_T":0},"geometry":{"type":"LineString","coordinates":[[-74.0261763501387,40.2191609605782],[-74.0255814378242,40.2191166398591]]}},{"type":"Feature","id":231804,"properties":{"OBJECTID":231804,"PRIMENAME":"Mattison Avenue","ELEVTYP_F":0,"ELEVTYP_T":0},"geometry":{"type":"LineString","coordinates":[[-74.0118951303131,40.2164526175251],[-74.0107262347995,40.2162147069177],[-74.0104005601688,40.2161484184966],[-74.0103317983652,40.2161344293261]]}},{"type":"Feature","id":232222,"properties":{"OBJECTID":232222,"PRIMENAME":"Monroe Avenue","ELEVTYP_F":0,"ELEVTYP_T":0},"geometry":{"type":"LineString","coordinates":[[-74.0172368616901,40.2199246182288],[-74.0161571861398,40.2196899761772],[-74.0152513918816,40.2194996466446]]}},{"type":"Feature","id":232395,"properties":{"OBJECTID":232395,"PRIMENAME":"Pine Street","ELEVTYP_F":0,"ELEVTYP_T":0},"geometry":{"type":"LineString","coordinates":[[-74.0182240656301,40.2228757281271],[-74.018018066284,40.2234477263347],[-74.0178874910803,40.2238102921044],[-74.0178410638306,40.2239381640607]]}},{"type":"Feature","id":232807,"properties":{"OBJECTID":232807,"PRIMENAME":"5th Avenue","ELEVTYP_F":0,"ELEVTYP_T":0},"geometry":{"type":"LineString","coordinates":[[-73.9992783955596,40.2234018544926],[-73.9994313636027,40.2234349924789],[-74.0007746095893,40.2237261619781]]}},{"type":"Feature","id":233674,"properties":{"OBJECTID":233674,"PRIMENAME":"Monroe Avenue","ELEVTYP_F":0,"ELEVTYP_T":0},"geometry":{"type":"LineString","coordinates":[[-74.0123484208583,40.2188945342026],[-74.0120852117318,40.2188380256595],[-74.0111153295245,40.218629796302]]}},{"type":"Feature","id":234125,"properties":{"OBJECTID":234125,"PRIMENAME":"Griffin Place","ELEVTYP_F":0,"ELEVTYP_T":0},"geometry":{"type":"LineString","coordinates":[[-74.0259975331195,40.2274970806542],[-74.0249275392006,40.227218828113],[-74.0248108846018,40.2271884803403]]}},{"type":"Feature","id":234361,"properties":{"OBJECTID":234361,"PRIMENAME":"Union Avenue","ELEVTYP_F":0,"ELEVTYP_T":0},"geometry":{"type":"LineString","coordinates":[[-74.0199054597345,40.216160642384],[-74.0198510629016,40.2160593362346],[-74.0196245615193,40.2156374245654]]}},{"type":"Feature","id":235175,"properties":{"OBJECTID":235175,"PRIMENAME":"Comstock Street","ELEVTYP_F":0,"ELEVTYP_T":0},"geometry":{"type":"LineString","coordinates":[[-74.0167064823316,40.2214168637831],[-74.016951761412,40.2207465919866],[-74.0169845298028,40.2206507551036]]}},{"type":"Feature","id":235275,"properties":{"OBJECTID":235275,"PRIMENAME":"Sunset Avenue","ELEVTYP_F":0,"ELEVTYP_T":0},"geometry":{"type":"LineString","coordinates":[[-74.0238532689848,40.23129143144],[-74.0240673916303,40.2313577466133],[-74.0246823444738,40.23154819825]]}},{"type":"Feature","id":235652,"properties":{"OBJECTID":235652,"PRIMENAME":"Park Avenue","ELEVTYP_F":0,"ELEVTYP_T":0},"geometry":{"type":"LineString","coordinates":[[-74.002500790395,40.2289033027972],[-74.0028477276092,40.2279408004839],[-74.0028761328463,40.2278425604387]]}},{"type":"Feature","id":236394,"properties":{"OBJECTID":236394,"PRIMENAME":"Dewitt Avenue","ELEVTYP_F":0,"ELEVTYP_T":0},"geometry":{"type":"LineString","coordinates":[[-74.0227491938587,40.2193372635085],[-74.0227566939932,40.2192789030515],[-74.0228053348438,40.2189000401084]]}},{"type":"Feature","id":236681,"properties":{"OBJECTID":236681,"PRIMENAME":"Comstock Street","ELEVTYP_F":0,"ELEVTYP_T":0},"geometry":{"type":"LineString","coordinates":[[-74.0155730565886,40.2245825568946],[-74.0156576696448,40.224358624417],[-74.01576102223,40.2240678685176]]}},{"type":"Feature","id":237477,"properties":{"OBJECTID":237477,"PRIMENAME":"Bergh Street","ELEVTYP_F":0,"ELEVTYP_T":0},"geometry":{"type":"LineString","coordinates":[[-74.003188329817,40.2230938026256],[-74.0028325060081,40.224070736097],[-74.0027982249053,40.2241648051758]]}},{"type":"Feature","id":238267,"properties":{"OBJECTID":238267,"PRIMENAME":"Bridge Street","ELEVTYP_F":0,"ELEVTYP_T":0},"geometry":{"type":"LineString","coordinates":[[-74.0184031233516,40.2280355882022],[-74.0185569833487,40.227611621281],[-74.018593218824,40.227512037284]]}},{"type":"Feature","id":238305,"properties":{"OBJECTID":238305,"PRIMENAME":"Myrtle Avenue","ELEVTYP_F":0,"ELEVTYP_T":0},"geometry":{"type":"LineString","coordinates":[[-74.0261891754683,40.2197002077221],[-74.0261967786259,40.2192204794658],[-74.0261763501387,40.2191609605782]]}},{"type":"Feature","id":238555,"properties":{"OBJECTID":238555,"PRIMENAME":"4th Avenue","ELEVTYP_F":0,"ELEVTYP_T":0},"geometry":{"type":"LineString","coordinates":[[-74.0151886037936,40.2256504680613],[-74.0146828031577,40.2255429583014],[-74.0132037022586,40.2252296637099]]}},{"type":"Feature","id":239167,"properties":{"OBJECTID":239167,"PRIMENAME":"Central Avenue","ELEVTYP_F":0,"ELEVTYP_T":0},"geometry":{"type":"LineString","coordinates":[[-74.0052335199829,40.2146089281073],[-74.0050524645488,40.2150968635427]]}},{"type":"Feature","id":239272,"properties":{"OBJECTID":239272,"PRIMENAME":"2nd Avenue","ELEVTYP_F":0,"ELEVTYP_T":0},"geometry":{"type":"LineString","coordinates":[[-74.015947625011,40.2235431811532],[-74.0177499431507,40.2239193360255],[-74.0178410638306,40.2239381640607]]}},{"type":"Feature","id":239643,"properties":{"OBJECTID":239643,"PRIMENAME":"Mattison Avenue","ELEVTYP_F":0,"ELEVTYP_T":0},"geometry":{"type":"LineString","coordinates":[[-74.0235902742608,40.2181041037577],[-74.0241598123072,40.2181504829964],[-74.0242815357039,40.2181603962414]]}},{"type":"Feature","id":239954,"properties":{"OBJECTID":239954,"PRIMENAME":"South Wanamassa Drive","ELEVTYP_F":0,"ELEVTYP_T":0},"geometry":{"type":"LineString","coordinates":[[-74.025701913427,40.2296272233985],[-74.0253587803747,40.2295201790867],[-74.0248701769282,40.2293696297046]]}},{"type":"Feature","id":240568,"properties":{"OBJECTID":240568,"PRIMENAME":"Camp Avenue","ELEVTYP_F":0,"ELEVTYP_T":0},"geometry":{"type":"LineString","coordinates":[[-74.0191934632538,40.2309608569086],[-74.0192869967949,40.2307867309336],[-74.0197072861244,40.2300003157357]]}},{"type":"Feature","id":240724,"properties":{"OBJECTID":240724,"PRIMENAME":"Unnamed Segment","ELEVTYP_F":0,"ELEVTYP_T":0},"geometry":{"type":"LineString","coordinates":[[-74.0149940669573,40.2261812696163],[-74.0161253170835,40.226396672777],[-74.0163623644746,40.2264418089354]]}},{"type":"Feature","id":241111,"properties":{"OBJECTID":241111,"PRIMENAME":"Main Avenue","ELEVTYP_F":0,"ELEVTYP_T":0},"geometry":{"type":"LineString","coordinates":[[-74.0126564430614,40.2133249762967],[-74.0118906274459,40.2131623054672]]}},{"type":"Feature","id":242966,"properties":{"OBJECTID":242966,"PRIMENAME":"Ridge Avenue","ELEVTYP_F":0,"ELEVTYP_T":0},"geometry":{"type":"LineString","coordinates":[[-74.0249814150879,40.2212646615453],[-74.024983314688,40.2203158562002]]}},{"type":"Feature","id":243206,"properties":{"OBJECTID":243206,"PRIMENAME":"Webb Street","ELEVTYP_F":0,"ELEVTYP_T":0},"geometry":{"type":"LineString","coordinates":[[-74.0007166892748,40.227361522893],[-74.0007010827024,40.2274041715952]]}},{"type":"Feature","id":243721,"properties":{"OBJECTID":243721,"PRIMENAME":"4th Avenue","ELEVTYP_F":0,"ELEVTYP_T":0},"geometry":{"type":"LineString","coordinates":[[-74.0189772631493,40.226455314106],[-74.0185941807292,40.2263743012798],[-74.0170744634113,40.2260512788581]]}},{"type":"Feature","id":245074,"properties":{"OBJECTID":245074,"PRIMENAME":"Comstock Street","ELEVTYP_F":0,"ELEVTYP_T":0},"geometry":{"type":"LineString","coordinates":[[-74.0137228766153,40.2297218595416],[-74.0139668025456,40.2290288583604]]}},{"type":"Feature","id":245166,"properties":{"OBJECTID":245166,"PRIMENAME":"Mount Tabor Way","ELEVTYP_F":0,"ELEVTYP_T":0},"geometry":{"type":"LineString","coordinates":[[-74.0100155083712,40.2137353882844],[-74.0102500517063,40.2137856584029],[-74.0108039419276,40.2139051680162]]}},{"type":"Feature","id":245214,"properties":{"OBJECTID":245214,"PRIMENAME":"Monroe Avenue","ELEVTYP_F":0,"ELEVTYP_T":0},"geometry":{"type":"LineString","coordinates":[[-74.0152513918816,40.2194996466446],[-74.0146311059416,40.2193693177784]]}},{"type":"Feature","id":245993,"properties":{"OBJECTID":245993,"PRIMENAME":"Central Avenue","ELEVTYP_F":0,"ELEVTYP_T":0},"geometry":{"type":"LineString","coordinates":[[-74.021373634978,40.2246699390327],[-74.0208300295541,40.2235889728389],[-74.0207378168089,40.2234099296543]]}},{"type":"Feature","id":246308,"properties":{"OBJECTID":246308,"PRIMENAME":"Mount Tabor Way","ELEVTYP_F":0,"ELEVTYP_T":0},"geometry":{"type":"LineString","coordinates":[[-74.0108039419276,40.2139051680162],[-74.011205631123,40.2139918297717]]}},{"type":"Feature","id":246906,"properties":{"OBJECTID":246906,"PRIMENAME":"West Lake Avenue","ELEVTYP_F":0,"ELEVTYP_T":0},"geometry":{"type":"LineString","coordinates":[[-74.0282668750782,40.2156259566176],[-74.0269705519545,40.2155293598702]]}},{"type":"Feature","id":247000,"properties":{"OBJECTID":247000,"PRIMENAME":"Unnamed Segment","ELEVTYP_F":0,"ELEVTYP_T":0},"geometry":{"type":"LineString","coordinates":[[-74.0130128632302,40.225761268289],[-74.0149940669573,40.2261812696163]]}},{"type":"Feature","id":247831,"properties":{"OBJECTID":247831,"PRIMENAME":"South Wanamassa Drive","ELEVTYP_F":0,"ELEVTYP_T":0},"geometry":{"type":"LineString","coordinates":[[-74.0248701769282,40.2293696297046],[-74.0241674585713,40.2291530528004],[-74.0240830086702,40.2291266276092],[-74.0240503785087,40.229116416747]]}},{"type":"Feature","id":247968,"properties":{"OBJECTID":247968,"PRIMENAME":"Prospect Avenue","ELEVTYP_F":0,"ELEVTYP_T":0},"geometry":{"type":"LineString","coordinates":[[-74.0191568130941,40.2198691676966],[-74.0189656547716,40.219508882491]]}},{"type":"Feature","id":248126,"properties":{"OBJECTID":248126,"PRIMENAME":"Beach Avenue","ELEVTYP_F":0,"ELEVTYP_T":0},"geometry":{"type":"LineString","coordinates":[[-74.004249225946,40.2133960106798],[-74.0041332673438,40.2137119864155],[-74.0040748078452,40.2138717293846]]}},{"type":"Feature","id":248878,"properties":{"OBJECTID":248878,"PRIMENAME":"Central Avenue","ELEVTYP_F":0,"ELEVTYP_T":0},"geometry":{"type":"LineString","coordinates":[[-74.0220352993058,40.226261100641],[-74.0216369093448,40.2255607072012],[-74.0216017440397,40.225498930835]]}},{"type":"Feature","id":249024,"properties":{"OBJECTID":249024,"PRIMENAME":"Langford Street","ELEVTYP_F":0,"ELEVTYP_T":0},"geometry":{"type":"LineString","coordinates":[[-74.0152513918816,40.2194996466446],[-74.0150478753507,40.2200618446725],[-74.0149893563371,40.2202279614052]]}},{"type":"Feature","id":249274,"properties":{"OBJECTID":249274,"PRIMENAME":"Asbury Avenue","ELEVTYP_F":0,"ELEVTYP_T":0},"geometry":{"type":"LineString","coordinates":[[-74.0292220513934,40.2240668497319],[-74.0264051567987,40.2234701541089]]}},{"type":"Feature","id":249284,"properties":{"OBJECTID":249284,"PRIMENAME":"Lake Avenue","ELEVTYP_F":0,"ELEVTYP_T":0},"geometry":{"type":"LineString","coordinates":[[-74.0124775596402,40.2149717308775],[-74.0124652887835,40.2149701966899],[-74.0122991288394,40.2149607124762],[-74.0121671571027,40.2149777527715],[-74.0111686644184,40.2151097875587],[-74.0102276256461,40.2152244595275],[-74.010106984357,40.215259115703],[-74.0099483294667,40.2153064859142]]}},{"type":"Feature","id":250997,"properties":{"OBJECTID":250997,"PRIMENAME":"Boardwalk","ELEVTYP_F":0,"ELEVTYP_T":0},"geometry":{"type":"LineString","coordinates":[[-74.0018612450417,40.2158866642907],[-74.0020087546206,40.215470230797]]}},{"type":"Feature","id":251595,"properties":{"OBJECTID":251595,"PRIMENAME":"New York Avenue","ELEVTYP_F":0,"ELEVTYP_T":0},"geometry":{"type":"LineString","coordinates":[[-74.0081159189037,40.2142512629014],[-74.0081460654094,40.2141628289108],[-74.0082719805652,40.2138244079902]]}},{"type":"Feature","id":252226,"properties":{"OBJECTID":252226,"PRIMENAME":"Bangs Avenue","ELEVTYP_F":0,"ELEVTYP_T":0},"geometry":{"type":"LineString","coordinates":[[-74.0273674998491,40.2192509879915],[-74.0269397813554,40.2192178901706],[-74.0261763501387,40.2191609605782]]}},{"type":"Feature","id":252726,"properties":{"OBJECTID":252726,"PRIMENAME":"Mount Tabor Way","ELEVTYP_F":0,"ELEVTYP_T":0},"geometry":{"type":"LineString","coordinates":[[-74.0071650810418,40.2131244111039],[-74.0084313818796,40.2133958647476]]}},{"type":"Feature","id":252978,"properties":{"OBJECTID":252978,"PRIMENAME":"Comstock Street","ELEVTYP_F":0,"ELEVTYP_T":0},"geometry":{"type":"LineString","coordinates":[[-74.0146041816977,40.2272449829525],[-74.0147571493247,40.2268236526781],[-74.0148003912743,40.2267063920778]]}},{"type":"Feature","id":254198,"properties":{"OBJECTID":254198,"PRIMENAME":"Kingsley Street","ELEVTYP_F":0,"ELEVTYP_T":0},"geometry":{"type":"LineString","coordinates":[[-74.0011825137607,40.2225908117203],[-74.00151026729,40.2216786059386]]}},{"type":"Feature","id":254545,"properties":{"OBJECTID":254545,"PRIMENAME":"Pine Street","ELEVTYP_F":0,"ELEVTYP_T":0},"geometry":{"type":"LineString","coordinates":[[-74.0174601853397,40.2249874575873],[-74.0174055018418,40.2251380260207],[-74.0172661402474,40.2255224379073]]}},{"type":"Feature","id":255313,"properties":{"OBJECTID":255313,"PRIMENAME":"Webb Street","ELEVTYP_F":0,"ELEVTYP_T":0},"geometry":{"type":"LineString","coordinates":[[-74.0015744965761,40.2249797113622],[-74.0011698928079,40.2261034094774],[-74.0011002087963,40.2262969781641]]}},{"type":"Feature","id":256086,"properties":{"OBJECTID":256086,"PRIMENAME":"3rd Avenue","ELEVTYP_F":0,"ELEVTYP_T":0},"geometry":{"type":"LineString","coordinates":[[-74.0155730565886,40.2245825568946],[-74.0135874655077,40.2241670548501]]}},{"type":"Feature","id":256329,"properties":{"OBJECTID":256329,"PRIMENAME":"Main Street","ELEVTYP_F":0,"ELEVTYP_T":0},"geometry":{"type":"LineString","coordinates":[[-74.0139611070088,40.2143118594586],[-74.0139322731066,40.2144014623521],[-74.0138277527824,40.2147262746932],[-74.0137045309803,40.2150973262668]]}},{"type":"Feature","id":256371,"properties":{"OBJECTID":256371,"PRIMENAME":"Mount Tabor Way","ELEVTYP_F":0,"ELEVTYP_T":0},"geometry":{"type":"LineString","coordinates":[[-74.0115717837254,40.2140708195841],[-74.012323254109,40.2142329105882]]}},{"type":"Feature","id":256662,"properties":{"OBJECTID":256662,"PRIMENAME":"New Jersey Avenue","ELEVTYP_F":0,"ELEVTYP_T":0},"geometry":{"type":"LineString","coordinates":[[-74.0100155083712,40.2137353882844],[-74.0101714976416,40.2133166013609]]}},{"type":"Feature","id":256743,"properties":{"OBJECTID":256743,"PRIMENAME":"Mount Tabor Way","ELEVTYP_F":0,"ELEVTYP_T":0},"geometry":{"type":"LineString","coordinates":[[-74.0084313818796,40.2133958647476],[-74.0092241040245,40.2135657833316]]}},{"type":"Feature","id":257277,"properties":{"OBJECTID":257277,"PRIMENAME":"Summerfield Avenue","ELEVTYP_F":0,"ELEVTYP_T":0},"geometry":{"type":"LineString","coordinates":[[-74.0155168576221,40.2187664864297],[-74.0139899293744,40.2184560215152],[-74.0138620263229,40.2184289371372]]}},{"type":"Feature","id":257439,"properties":{"OBJECTID":257439,"PRIMENAME":"Beach Avenue","ELEVTYP_F":0,"ELEVTYP_T":0},"geometry":{"type":"LineString","coordinates":[[-74.0032101577998,40.2162417020124],[-74.0030920125671,40.2165886889484],[-74.0030634566659,40.2166312257216],[-74.003056135556,40.2166327362388],[-74.0023837849268,40.2167714925952],[-74.0012450422474,40.2168436744789],[-74.0011243942245,40.2168513218383]]}},{"type":"Feature","id":257925,"properties":{"OBJECTID":257925,"PRIMENAME":"Bryan Avenue","ELEVTYP_F":0,"ELEVTYP_T":0},"geometry":{"type":"LineString","coordinates":[[-74.0264602296274,40.2289077241952],[-74.0263460768658,40.2288879854833],[-74.0260355251115,40.2288343078525],[-74.0254580432459,40.2287175476278],[-74.0250419685522,40.2286395777149],[-74.0247750043943,40.2285812984094],[-74.0245763500184,40.2285375467842],[-74.0242847276302,40.2284458375937],[-74.0240882143009,40.2283828727471],[-74.0238628251173,40.2283106568964],[-74.0237386388321,40.2282815407017],[-74.0236267511913,40.2282810802504],[-74.0235210260894,40.2282854213097],[-74.0235127352425,40.2282828346817]]}},{"type":"Feature","id":258401,"properties":{"OBJECTID":258401,"PRIMENAME":"Asbury Avenue","ELEVTYP_F":0,"ELEVTYP_T":0},"geometry":{"type":"LineString","coordinates":[[-74.0237206764459,40.2228994103426],[-74.0222131728828,40.2225784266779]]}},{"type":"Feature","id":258694,"properties":{"OBJECTID":258694,"PRIMENAME":"Pine Street","ELEVTYP_F":0,"ELEVTYP_T":0},"geometry":{"type":"LineString","coordinates":[[-74.0176496940323,40.2244654150182],[-74.0174601853397,40.2249874575873]]}},{"type":"Feature","id":258792,"properties":{"OBJECTID":258792,"PRIMENAME":"Wickapecko Drive","ELEVTYP_F":0,"ELEVTYP_T":0},"geometry":{"type":"LineString","coordinates":[[-74.0270992648538,40.2253853036006],[-74.0269435812635,40.2252620925567],[-74.0269008644669,40.2252284706873]]}},{"type":"Feature","id":259863,"properties":{"OBJECTID":259863,"PRIMENAME":"Grand Avenue","ELEVTYP_F":0,"ELEVTYP_T":0},"geometry":{"type":"LineString","coordinates":[[-74.0076589382088,40.2186776003906],[-74.0076073730261,40.2188190637098],[-74.0073821317729,40.2194369667385]]}},{"type":"Feature","id":260056,"properties":{"OBJECTID":260056,"PRIMENAME":"Bangs Avenue","ELEVTYP_F":0,"ELEVTYP_T":0},"geometry":{"type":"LineString","coordinates":[[-74.0088743215494,40.2165821259456],[-74.0091163482127,40.2166338855875],[-74.010088389192,40.2168418111997]]}},{"type":"Feature","id":260186,"properties":{"OBJECTID":260186,"PRIMENAME":"Atkins Avenue","ELEVTYP_F":0,"ELEVTYP_T":0},"geometry":{"type":"LineString","coordinates":[[-74.0205104992937,40.2170558504056],[-74.0205448661236,40.2167732631281],[-74.0205884268126,40.2164150476275],[-74.0206188861965,40.2161885262009]]}},{"type":"Feature","id":261040,"properties":{"OBJECTID":261040,"PRIMENAME":"Park Avenue","ELEVTYP_F":0,"ELEVTYP_T":0},"geometry":{"type":"LineString","coordinates":[[-74.0019295013084,40.2302054679027],[-74.0018710437264,40.2303114069465],[-74.0017711999746,40.2304923502129],[-74.0015196480481,40.2309204356001]]}},{"type":"Feature","id":261111,"properties":{"OBJECTID":261111,"PRIMENAME":"Bergh Street","ELEVTYP_F":0,"ELEVTYP_T":0},"geometry":{"type":"LineString","coordinates":[[-74.0039546299796,40.2209781706815],[-74.0035940106735,40.2219625799091],[-74.0035649844659,40.2220435229106]]}},{"type":"Feature","id":261694,"properties":{"OBJECTID":261694,"PRIMENAME":"Kingsley Street","ELEVTYP_F":0,"ELEVTYP_T":0},"geometry":{"type":"LineString","coordinates":[[-74.0011225542876,40.2227577662328],[-74.0011825137607,40.2225908117203]]}},{"type":"Feature","id":261738,"properties":{"OBJECTID":261738,"PRIMENAME":"Locust Drive","ELEVTYP_F":0,"ELEVTYP_T":0},"geometry":{"type":"LineString","coordinates":[[-74.0213943482994,40.2272851144169],[-74.0196289609041,40.2277279987589]]}},{"type":"Feature","id":261829,"properties":{"OBJECTID":261829,"PRIMENAME":"2nd Avenue","ELEVTYP_F":0,"ELEVTYP_T":0},"geometry":{"type":"LineString","coordinates":[[-74.0178410638306,40.2239381640607],[-74.0192252633781,40.2242243760871]]}},{"type":"Feature","id":263177,"properties":{"OBJECTID":263177,"PRIMENAME":"Mount Hermon Way","ELEVTYP_F":0,"ELEVTYP_T":0},"geometry":{"type":"LineString","coordinates":[[-74.0117207521716,40.2136462357596],[-74.01095876208,40.2134841513379]]}},{"type":"Feature","id":263680,"properties":{"OBJECTID":263680,"PRIMENAME":"Monroe Avenue","ELEVTYP_F":0,"ELEVTYP_T":0},"geometry":{"type":"LineString","coordinates":[[-74.0193007914301,40.2201307016746],[-74.0192003136163,40.2201697057959],[-74.0189696223235,40.2202593403495],[-74.0189097894121,40.2202731754624]]}},{"type":"Feature","id":263959,"properties":{"OBJECTID":263959,"PRIMENAME":"Myrtle Avenue","ELEVTYP_F":0,"ELEVTYP_T":0},"geometry":{"type":"LineString","coordinates":[[-74.0261793772842,40.2203150491607],[-74.0261891754683,40.2197002077221]]}},{"type":"Feature","id":264333,"properties":{"OBJECTID":264333,"PRIMENAME":"Monroe Avenue","ELEVTYP_F":0,"ELEVTYP_T":0},"geometry":{"type":"LineString","coordinates":[[-74.0189097894121,40.2202731754624],[-74.0188886623831,40.220278056648],[-74.0187955102392,40.2202633658734],[-74.0172368616901,40.2199246182288]]}},{"type":"Feature","id":264511,"properties":{"OBJECTID":264511,"PRIMENAME":"Steiner Place","ELEVTYP_F":0,"ELEVTYP_T":0},"geometry":{"type":"LineString","coordinates":[[-74.0100091748581,40.228215474027],[-74.0103583748241,40.2271524284837]]}},{"type":"Feature","id":264589,"properties":{"OBJECTID":264589,"PRIMENAME":"South Wanamassa Drive","ELEVTYP_F":0,"ELEVTYP_T":0},"geometry":{"type":"LineString","coordinates":[[-74.0211006438456,40.2291877324457],[-74.0210767187496,40.2291927663633],[-74.0209335379868,40.2292160028184],[-74.0208404767105,40.2291917885907],[-74.0205549518739,40.2291095666955],[-74.0204136120179,40.2290647276545],[-74.020337116891,40.2290481040523],[-74.0202603686601,40.229067359306],[-74.0202067495175,40.2291081237974],[-74.0201435715662,40.2291839323973]]}},{"type":"Feature","id":264591,"properties":{"OBJECTID":264591,"PRIMENAME":"Kingsley Street","ELEVTYP_F":0,"ELEVTYP_T":0},"geometry":{"type":"LineString","coordinates":[[-74.0015393684512,40.2215975268722],[-74.0015640450917,40.2215288922139],[-74.0015709154375,40.2215097645512],[-74.0017171511621,40.2211026924373],[-74.0018873261579,40.2206341254086]]}},{"type":"Feature","id":265170,"properties":{"OBJECTID":265170,"PRIMENAME":"Emory Street","ELEVTYP_F":0,"ELEVTYP_T":0},"geometry":{"type":"LineString","coordinates":[[-74.0103773706404,40.2160019983131],[-74.0103469887498,40.2160902859561],[-74.0103317983652,40.2161344293261]]}},{"type":"Feature","id":265316,"properties":{"OBJECTID":265316,"PRIMENAME":"Sunset Avenue","ELEVTYP_F":0,"ELEVTYP_T":0},"geometry":{"type":"LineString","coordinates":[[-74.0049356779823,40.2263361779978],[-74.0050425929147,40.2263548909124],[-74.0052165151439,40.2263842127605],[-74.0059062073813,40.2264538958931],[-74.0061937549885,40.2264854593735],[-74.0064032162773,40.2265084507415],[-74.006492694896,40.2265068283046],[-74.006612110161,40.2264961366817]]}},{"type":"Feature","id":266230,"properties":{"OBJECTID":266230,"PRIMENAME":"South Wanamassa Drive","ELEVTYP_F":0,"ELEVTYP_T":0},"geometry":{"type":"LineString","coordinates":[[-74.0220509683,40.2292190301707],[-74.0219592517805,40.22925837541],[-74.0218471901171,40.2292722421626],[-74.0217477294893,40.2292718312298],[-74.0216359394173,40.2292522624598],[-74.0214125924777,40.2291798530417],[-74.021319462385,40.2291603890432],[-74.0212323940929,40.2291600289185],[-74.0211006438456,40.2291877324457]]}},{"type":"Feature","id":266958,"properties":{"OBJECTID":266958,"PRIMENAME":"Comstock Street","ELEVTYP_F":0,"ELEVTYP_T":0},"geometry":{"type":"LineString","coordinates":[[-74.0151886037936,40.2256504680613],[-74.0153775338663,40.2251219753846]]}},{"type":"Feature","id":267344,"properties":{"OBJECTID":267344,"PRIMENAME":"Avenue A","ELEVTYP_F":0,"ELEVTYP_T":0},"geometry":{"type":"LineString","coordinates":[[-74.0215337384053,40.2151276748168],[-74.0215430121429,40.2150463987427],[-74.0215954864222,40.2145861825289]]}},{"type":"Feature","id":267735,"properties":{"OBJECTID":267735,"PRIMENAME":"Dewitt Avenue","ELEVTYP_F":0,"ELEVTYP_T":0},"geometry":{"type":"LineString","coordinates":[[-74.0229144401448,40.2180490226928],[-74.0230198855185,40.2172269456359],[-74.0230339954256,40.2171169264686]]}},{"type":"Feature","id":267806,"properties":{"OBJECTID":267806,"PRIMENAME":"Edgewood Avenue","ELEVTYP_F":0,"ELEVTYP_T":0},"geometry":{"type":"LineString","coordinates":[[-74.0222718163985,40.2288009218169],[-74.0222482247165,40.2288401494582],[-74.0220509683,40.2292190301707]]}},{"type":"Feature","id":268957,"properties":{"OBJECTID":268957,"PRIMENAME":"Fisher Place","ELEVTYP_F":0,"ELEVTYP_T":0},"geometry":{"type":"LineString","coordinates":[[-74.0269592925206,40.2203206817669],[-74.0270139692352,40.2203115994781],[-74.0270322865624,40.2202884487339],[-74.0270509962877,40.2202141018688],[-74.0270902276333,40.2198098592304],[-74.0270944371976,40.2197659525203]]}},{"type":"Feature","id":269332,"properties":{"OBJECTID":269332,"PRIMENAME":"1st Avenue","ELEVTYP_F":0,"ELEVTYP_T":0},"geometry":{"type":"LineString","coordinates":[[-74.0086503052853,40.2208340330656],[-74.0069990375891,40.2204915426532]]}},{"type":"Feature","id":270604,"properties":{"OBJECTID":270604,"PRIMENAME":"Bath Avenue","ELEVTYP_F":0,"ELEVTYP_T":0},"geometry":{"type":"LineString","coordinates":[[-74.0060410792597,40.2147829119504],[-74.0059285281834,40.2147586304634],[-74.0052335199829,40.2146089281073]]}},{"type":"Feature","id":270633,"properties":{"OBJECTID":270633,"PRIMENAME":"Mt Pisgah Way","ELEVTYP_F":0,"ELEVTYP_T":0},"geometry":{"type":"LineString","coordinates":[[-74.0083332764079,40.2147571205833],[-74.0082165536303,40.2147302701975],[-74.0080055223587,40.2146817162094],[-74.0079717748693,40.2146739404767]]}},{"type":"Feature","id":271247,"properties":{"OBJECTID":271247,"PRIMENAME":"Dewitt Avenue","ELEVTYP_F":0,"ELEVTYP_T":0},"geometry":{"type":"LineString","coordinates":[[-74.0228053348438,40.2189000401084],[-74.0228075535294,40.2188827266548],[-74.0229144401448,40.2180490226928]]}},{"type":"Feature","id":272170,"properties":{"OBJECTID":272170,"PRIMENAME":"Borden Avenue","ELEVTYP_F":0,"ELEVTYP_T":0},"geometry":{"type":"LineString","coordinates":[[-74.0215499244289,40.2188037422179],[-74.0215415466126,40.2188775004413],[-74.0215409141019,40.2188830702765],[-74.0215077499843,40.2191736552757],[-74.0214999272815,40.2192421441605]]}},{"type":"Feature","id":272451,"properties":{"OBJECTID":272451,"PRIMENAME":"Boardwalk","ELEVTYP_F":0,"ELEVTYP_T":0},"geometry":{"type":"LineString","coordinates":[[-73.9975968007997,40.2301438880773],[-73.9975882461831,40.2301818726615],[-73.9975563120022,40.2302961279326],[-73.997560553923,40.2304001591368],[-73.9975615585439,40.2304248210965],[-73.9975722667311,40.2304918547919]]}},{"type":"Feature","id":273147,"properties":{"OBJECTID":273147,"PRIMENAME":"Church Street","ELEVTYP_F":0,"ELEVTYP_T":0},"geometry":{"type":"LineString","coordinates":[[-74.0214185052401,40.2210876588136],[-74.0215944272913,40.2209946352829]]}},{"type":"Feature","id":273987,"properties":{"OBJECTID":273987,"PRIMENAME":"Oak Drive","ELEVTYP_F":0,"ELEVTYP_T":0},"geometry":{"type":"LineString","coordinates":[[-74.0262527727855,40.226806158354],[-74.0262294384626,40.226885784711],[-74.026184861405,40.2270381009065],[-74.0261402808129,40.2271856678355],[-74.0260203366132,40.2274473201811],[-74.0259975331195,40.2274970806542]]}},{"type":"Feature","id":274261,"properties":{"OBJECTID":274261,"PRIMENAME":"Sunset Avenue","ELEVTYP_F":0,"ELEVTYP_T":0},"geometry":{"type":"LineString","coordinates":[[-74.0094348400736,40.2269621162845],[-74.0103583748241,40.2271524284837]]}},{"type":"Feature","id":274661,"properties":{"OBJECTID":274661,"PRIMENAME":"Unnamed Segment","ELEVTYP_F":0,"ELEVTYP_T":0},"geometry":{"type":"LineString","coordinates":[[-74.0186337730303,40.216481136312],[-74.018586423706,40.2163751591829],[-74.0182114225023,40.2156611581864],[-74.0181734220477,40.215580159372]]}},{"type":"Feature","id":274800,"properties":{"OBJECTID":274800,"PRIMENAME":"Jefferson Avenue","ELEVTYP_F":0,"ELEVTYP_T":0},"geometry":{"type":"LineString","coordinates":[[-74.0205104992937,40.2170558504056],[-74.0203787356633,40.2170480847288],[-74.0202047325501,40.2170378372053],[-74.0200742740685,40.2170277708743],[-74.0199748313715,40.2170273585213],[-74.0198814811776,40.2170364968501],[-74.0197507173273,40.2170645326738],[-74.0192366005689,40.2172346905043],[-74.0191987503,40.2172395293104],[-74.0191630125466,40.2172343848365]]}},{"type":"Feature","id":274895,"properties":{"OBJECTID":274895,"PRIMENAME":"4th Avenue","ELEVTYP_F":0,"ELEVTYP_T":0},"geometry":{"type":"LineString","coordinates":[[-74.0250060806894,40.225429853127],[-74.0241071131366,40.2256824667444],[-74.0238254100179,40.2257616244797]]}},{"type":"Feature","id":275296,"properties":{"OBJECTID":275296,"PRIMENAME":"Monroe Avenue","ELEVTYP_F":0,"ELEVTYP_T":0},"geometry":{"type":"LineString","coordinates":[[-74.0234993480623,40.2211919976292],[-74.024138312482,40.2212236711208],[-74.0248878272992,40.2212608188569],[-74.0249814150879,40.2212646615453]]}},{"type":"Feature","id":275351,"properties":{"OBJECTID":275351,"PRIMENAME":"Bond Street","ELEVTYP_F":0,"ELEVTYP_T":0},"geometry":{"type":"LineString","coordinates":[[-74.0090596737858,40.2243521852204],[-74.0094305924938,40.2232911000676]]}},{"type":"Feature","id":275420,"properties":{"OBJECTID":275420,"PRIMENAME":"1st Avenue","ELEVTYP_F":0,"ELEVTYP_T":0},"geometry":{"type":"LineString","coordinates":[[-74.0182240656301,40.2228757281271],[-74.0168144224882,40.2225761931782],[-74.0163282693388,40.2224735767777]]}},{"type":"Feature","id":275788,"properties":{"OBJECTID":275788,"PRIMENAME":"6th Avenue","ELEVTYP_F":0,"ELEVTYP_T":0},"geometry":{"type":"LineString","coordinates":[[-74.0116330486534,40.2284929504274],[-74.0115739023897,40.2285022407356],[-74.0114432854952,40.2285064386954],[-74.0110272628188,40.228423669417],[-74.0103332653316,40.2282817432978]]}},{"type":"Feature","id":276047,"properties":{"OBJECTID":276047,"PRIMENAME":"Avenue A","ELEVTYP_F":0,"ELEVTYP_T":0},"geometry":{"type":"LineString","coordinates":[[-74.0215954864222,40.2145861825289],[-74.0217418002092,40.2133028322065]]}},{"type":"Feature","id":276401,"properties":{"OBJECTID":276401,"PRIMENAME":"Prospect Avenue","ELEVTYP_F":0,"ELEVTYP_T":0},"geometry":{"type":"LineString","coordinates":[[-74.0238254100179,40.2257616244797],[-74.0234335053054,40.2249870324137]]}},{"type":"Feature","id":276647,"properties":{"OBJECTID":276647,"PRIMENAME":"Ridge Avenue","ELEVTYP_F":0,"ELEVTYP_T":0},"geometry":{"type":"LineString","coordinates":[[-74.0246081527309,40.2153546921221],[-74.0244777070521,40.2140829117225]]}},{"type":"Feature","id":276663,"properties":{"OBJECTID":276663,"PRIMENAME":"4th Avenue","ELEVTYP_F":0,"ELEVTYP_T":0},"geometry":{"type":"LineString","coordinates":[[-74.0058495971903,40.2236720610349],[-74.0042267721334,40.2233213339838]]}},{"type":"Feature","id":278123,"properties":{"OBJECTID":278123,"PRIMENAME":"5th Avenue","ELEVTYP_F":0,"ELEVTYP_T":0},"geometry":{"type":"LineString","coordinates":[[-74.018593218824,40.227512037284],[-74.0193988220592,40.2276800446561],[-74.0196289609041,40.2277279987589]]}},{"type":"Feature","id":278407,"properties":{"OBJECTID":278407,"PRIMENAME":"Spruce Street","ELEVTYP_F":0,"ELEVTYP_T":0},"geometry":{"type":"LineString","coordinates":[[-74.0181420754264,40.2166345850177],[-74.0181803206193,40.2167053244035],[-74.0185546852277,40.2173979714299]]}},{"type":"Feature","id":279543,"properties":{"OBJECTID":279543,"PRIMENAME":"Langford Street","ELEVTYP_F":0,"ELEVTYP_T":0},"geometry":{"type":"LineString","coordinates":[[-74.0155168576221,40.2187664864297],[-74.0154857819813,40.2188523100517],[-74.0152513918816,40.2194996466446]]}},{"type":"Feature","id":279648,"properties":{"OBJECTID":279648,"PRIMENAME":"Sylvan Avenue","ELEVTYP_F":0,"ELEVTYP_T":0},"geometry":{"type":"LineString","coordinates":[[-74.0182539266282,40.2150899402814],[-74.0182850471796,40.2148873611228]]}},{"type":"Feature","id":280445,"properties":{"OBJECTID":280445,"PRIMENAME":"Prospect Avenue","ELEVTYP_F":0,"ELEVTYP_T":0},"geometry":{"type":"LineString","coordinates":[[-74.0187202193357,40.2190456723133],[-74.0186255124998,40.2188654100564],[-74.0184782068321,40.2185850283242]]}},{"type":"Feature","id":280474,"properties":{"OBJECTID":280474,"PRIMENAME":"Bond Street","ELEVTYP_F":0,"ELEVTYP_T":0},"geometry":{"type":"LineString","coordinates":[[-74.0127381687051,40.2147544244691],[-74.0126249340537,40.2148488442625],[-74.0124775596402,40.2149717308775]]}},{"type":"Feature","id":280619,"properties":{"OBJECTID":280619,"PRIMENAME":"Griffin Place","ELEVTYP_F":0,"ELEVTYP_T":0},"geometry":{"type":"LineString","coordinates":[[-74.0268689722182,40.2277237248807],[-74.0267709774134,40.2276982325095],[-74.0259975331195,40.2274970806542]]}},{"type":"Feature","id":281054,"properties":{"OBJECTID":281054,"PRIMENAME":"4th Avenue","ELEVTYP_F":0,"ELEVTYP_T":0},"geometry":{"type":"LineString","coordinates":[[-74.0210613750969,40.2265301721533],[-74.0204759765003,40.226691913377],[-74.0203638535364,40.2267200270432],[-74.0203016826456,40.2267245465451],[-74.0202145795138,40.2267194083645],[-74.0199042153003,40.2266514124322],[-74.0189772631493,40.226455314106]]}},{"type":"Feature","id":281115,"properties":{"OBJECTID":281115,"PRIMENAME":"Sunset Avenue","ELEVTYP_F":0,"ELEVTYP_T":0},"geometry":{"type":"LineString","coordinates":[[-74.0205324873831,40.2302584409003],[-74.0212603864861,40.2304851089922],[-74.0213679959215,40.2305187445954]]}},{"type":"Feature","id":281538,"properties":{"OBJECTID":281538,"PRIMENAME":"Beach Avenue","ELEVTYP_F":0,"ELEVTYP_T":0},"geometry":{"type":"LineString","coordinates":[[-74.0043957640836,40.2129966275832],[-74.004249225946,40.2133960106798]]}},{"type":"Feature","id":281605,"properties":{"OBJECTID":281605,"PRIMENAME":"4th Avenue","ELEVTYP_F":0,"ELEVTYP_T":0},"geometry":{"type":"LineString","coordinates":[[-74.0090596737858,40.2243521852204],[-74.007498589751,40.2240219985328]]}},{"type":"Feature","id":281898,"properties":{"OBJECTID":281898,"PRIMENAME":"Langford Street","ELEVTYP_F":0,"ELEVTYP_T":0},"geometry":{"type":"LineString","coordinates":[[-74.0167589834723,40.2153276520251],[-74.0167024432706,40.2154838166116]]}},{"type":"Feature","id":282616,"properties":{"OBJECTID":282616,"PRIMENAME":"Washington Avenue","ELEVTYP_F":0,"ELEVTYP_T":0},"geometry":{"type":"LineString","coordinates":[[-74.0261793772842,40.2203150491607],[-74.0269592925206,40.2203206817669]]}},{"type":"Feature","id":283552,"properties":{"OBJECTID":283552,"PRIMENAME":"Cookman Avenue","ELEVTYP_F":0,"ELEVTYP_T":0},"geometry":{"type":"LineString","coordinates":[[-74.0121445818495,40.2157487986752],[-74.0122624436683,40.2157321105635],[-74.0128580349331,40.2158618060119]]}},{"type":"Feature","id":283702,"properties":{"OBJECTID":283702,"PRIMENAME":"New York Avenue","ELEVTYP_F":0,"ELEVTYP_T":0},"geometry":{"type":"LineString","coordinates":[[-74.0079029578468,40.2148757531148],[-74.0079237375516,40.2148148146862],[-74.0079717748693,40.2146739404767]]}},{"type":"Feature","id":286918,"properties":{"OBJECTID":286918,"PRIMENAME":"Summerfield Avenue","ELEVTYP_F":0,"ELEVTYP_T":0},"geometry":{"type":"LineString","coordinates":[[-74.0214999272815,40.2192421441605],[-74.0202590616346,40.2191544856917]]}},{"type":"Feature","id":287134,"properties":{"OBJECTID":287134,"PRIMENAME":"Drummond Court","ELEVTYP_F":0,"ELEVTYP_T":0},"geometry":{"type":"LineString","coordinates":[[-74.0240222964952,40.2261233785803],[-74.0241041846561,40.226100933763],[-74.0241078437092,40.2260999292494],[-74.0251942305547,40.2258021666897]]}},{"type":"Feature","id":287630,"properties":{"OBJECTID":287630,"PRIMENAME":"Comstock Street","ELEVTYP_F":0,"ELEVTYP_T":0},"geometry":{"type":"LineString","coordinates":[[-74.01576102223,40.2240678685176],[-74.0159114452511,40.2236447686104],[-74.015947625011,40.2235431811532]]}},{"type":"Feature","id":287677,"properties":{"OBJECTID":287677,"PRIMENAME":"Prospect Avenue","ELEVTYP_F":0,"ELEVTYP_T":0},"geometry":{"type":"LineString","coordinates":[[-74.0222131728828,40.2225784266779],[-74.0217887593503,40.2217364639503]]}},{"type":"Feature","id":288056,"properties":{"OBJECTID":288056,"PRIMENAME":"Heck Street","ELEVTYP_F":0,"ELEVTYP_T":0},"geometry":{"type":"LineString","coordinates":[[-74.0038418139429,40.2243859934466],[-74.0038818014692,40.2242753942144],[-74.0042267721334,40.2233213339838]]}},{"type":"Feature","id":288257,"properties":{"OBJECTID":288257,"PRIMENAME":"Deal Lake Drive","ELEVTYP_F":0,"ELEVTYP_T":0},"geometry":{"type":"LineString","coordinates":[[-74.006966536444,40.2298604611328],[-74.0068729509493,40.229899374829],[-74.0068499358981,40.2299098299042],[-74.0067793745194,40.229941883957],[-74.0067044063005,40.2299916101185],[-74.0066058875705,40.2300734104263],[-74.006446395332,40.2302013999396],[-74.0063526261347,40.2302653483137],[-74.00626837186,40.2303114661335],[-74.0061656095376,40.2303609688961],[-74.0061653937398,40.2303610724529],[-74.0060812939872,40.2303857233589],[-74.0059832062184,40.2304031758004],[-74.0058376798219,40.2304080729576]]}},{"type":"Feature","id":288576,"properties":{"OBJECTID":288576,"PRIMENAME":"Prospect Avenue","ELEVTYP_F":0,"ELEVTYP_T":0},"geometry":{"type":"LineString","coordinates":[[-74.0179810922348,40.2176374404797],[-74.0175527655847,40.2168185052255]]}},{"type":"Feature","id":288620,"properties":{"OBJECTID":288620,"PRIMENAME":"Ocean Avenue","ELEVTYP_F":0,"ELEVTYP_T":0},"geometry":{"type":"LineString","coordinates":[[-73.9984960652019,40.2258361118343],[-73.9984623126442,40.2259424976277],[-73.9982671201148,40.2265577435214],[-73.9982117832778,40.2267321595603]]}},{"type":"Feature","id":289164,"properties":{"OBJECTID":289164,"PRIMENAME":"Unami Avenue","ELEVTYP_F":0,"ELEVTYP_T":0},"geometry":{"type":"LineString","coordinates":[[-74.0235127352425,40.2282828346817],[-74.0234577031464,40.2283875856242],[-74.0232127068916,40.2288540375047]]}},{"type":"Feature","id":289302,"properties":{"OBJECTID":289302,"PRIMENAME":"Asbury Avenue","ELEVTYP_F":0,"ELEVTYP_T":0},"geometry":{"type":"LineString","coordinates":[[-74.0215411344637,40.2224357801715],[-74.0200896991199,40.2221302372481]]}},{"type":"Feature","id":292075,"properties":{"OBJECTID":292075,"PRIMENAME":"Bridge Street","ELEVTYP_F":0,"ELEVTYP_T":0},"geometry":{"type":"LineString","coordinates":[[-74.0191673118388,40.2259218239051],[-74.0193180755133,40.2254986661509],[-74.0193554569252,40.2253937330538]]}},{"type":"Feature","id":292574,"properties":{"OBJECTID":292574,"PRIMENAME":"Sunset Avenue","ELEVTYP_F":0,"ELEVTYP_T":0},"geometry":{"type":"LineString","coordinates":[[-73.9989482936839,40.2244283834265],[-73.9990811035242,40.2244561909117],[-74.0004144267715,40.2247354625155]]}},{"type":"Feature","id":292882,"properties":{"OBJECTID":292882,"PRIMENAME":"2nd Avenue","ELEVTYP_F":0,"ELEVTYP_T":0},"geometry":{"type":"LineString","coordinates":[[-74.012317531097,40.2227632545792],[-74.0138635704518,40.2230881243846],[-74.0139688045453,40.223111159626]]}},{"type":"Feature","id":293602,"properties":{"OBJECTID":293602,"PRIMENAME":"Surf Avenue","ELEVTYP_F":0,"ELEVTYP_T":0},"geometry":{"type":"LineString","coordinates":[[-74.0037310299814,40.2148112725873],[-74.0050524645488,40.2150968635427]]}},{"type":"Feature","id":293607,"properties":{"OBJECTID":293607,"PRIMENAME":"Prospect Avenue","ELEVTYP_F":0,"ELEVTYP_T":0},"geometry":{"type":"LineString","coordinates":[[-74.0217887593503,40.2217364639503],[-74.0216287239842,40.2214189729581],[-74.021506061788,40.2211801512729],[-74.021450626984,40.2211084079676],[-74.0214185052401,40.2210876588136]]}},{"type":"Feature","id":294120,"properties":{"OBJECTID":294120,"PRIMENAME":"8th Avenue","ELEVTYP_F":0,"ELEVTYP_T":0},"geometry":{"type":"LineString","coordinates":[[-74.0057223084999,40.2295905955],[-74.0041067387814,40.2292473373879],[-74.003903294417,40.229203749543]]}},{"type":"Feature","id":294783,"properties":{"OBJECTID":294783,"PRIMENAME":"3rd Avenue","ELEVTYP_F":0,"ELEVTYP_T":0},"geometry":{"type":"LineString","coordinates":[[-74.0062340674599,40.2226154914434],[-74.0062218734159,40.2226129175485],[-74.0046803989433,40.222287467184],[-74.00460591859,40.2222711714515]]}},{"type":"Feature","id":295263,"properties":{"OBJECTID":295263,"PRIMENAME":"Mattison Avenue","ELEVTYP_F":0,"ELEVTYP_T":0},"geometry":{"type":"LineString","coordinates":[[-74.0216666936441,40.2179549273848],[-74.0228026664331,40.2180399146005],[-74.0229144401448,40.2180490226928]]}},{"type":"Feature","id":295399,"properties":{"OBJECTID":295399,"PRIMENAME":"Asbury Avenue","ELEVTYP_F":0,"ELEVTYP_T":0},"geometry":{"type":"LineString","coordinates":[[-74.0249499042548,40.2231611150628],[-74.0241259839273,40.2229857025763],[-74.0237206764459,40.2228994103426]]}},{"type":"Feature","id":295421,"properties":{"OBJECTID":295421,"PRIMENAME":"Main Street","ELEVTYP_F":0,"ELEVTYP_T":0},"geometry":{"type":"LineString","coordinates":[[-74.0118100650538,40.2203767299729],[-74.0114772039125,40.221297125505],[-74.0114250658486,40.22144097573]]}},{"type":"Feature","id":296163,"properties":{"OBJECTID":296163,"PRIMENAME":"Sunset Avenue","ELEVTYP_F":0,"ELEVTYP_T":0},"geometry":{"type":"LineString","coordinates":[[-74.0107098517682,40.2272248245234],[-74.0116198046985,40.2274122699644],[-74.0123828368744,40.2275758368057]]}},{"type":"Feature","id":296366,"properties":{"OBJECTID":296366,"PRIMENAME":"Asbury Avenue","ELEVTYP_F":0,"ELEVTYP_T":0},"geometry":{"type":"LineString","coordinates":[[-74.011205631123,40.2139918297717],[-74.0110502533075,40.2140321333705],[-74.0107262591332,40.2141161686801]]}},{"type":"Feature","id":296380,"properties":{"OBJECTID":296380,"PRIMENAME":"Sunset Avenue","ELEVTYP_F":0,"ELEVTYP_T":0},"geometry":{"type":"LineString","coordinates":[[-74.0082048547658,40.2266949721023],[-74.0093287316085,40.2269402810191],[-74.0094348400736,40.2269621162845]]}},{"type":"Feature","id":296486,"properties":{"OBJECTID":296486,"PRIMENAME":"1st Avenue","ELEVTYP_F":0,"ELEVTYP_T":0},"geometry":{"type":"LineString","coordinates":[[-74.0007536834224,40.2192926892304],[-74.0020796902505,40.2195313629058],[-74.0022748163199,40.2195672868294]]}},{"type":"Feature","id":296965,"properties":{"OBJECTID":296965,"PRIMENAME":"3rd Avenue","ELEVTYP_F":0,"ELEVTYP_T":0},"geometry":{"type":"LineString","coordinates":[[-74.0078780784942,40.2229626021242],[-74.0062340674599,40.2226154914434]]}},{"type":"Feature","id":298446,"properties":{"OBJECTID":298446,"PRIMENAME":"Bond Street","ELEVTYP_F":0,"ELEVTYP_T":0},"geometry":{"type":"LineString","coordinates":[[-74.0082048547658,40.2266949721023],[-74.0086733791828,40.2254130379794]]}},{"type":"Feature","id":298470,"properties":{"OBJECTID":298470,"PRIMENAME":"Main Avenue","ELEVTYP_F":0,"ELEVTYP_T":0},"geometry":{"type":"LineString","coordinates":[[-74.0133133554897,40.2134644539813],[-74.0126564430614,40.2133249762967]]}},{"type":"Feature","id":298484,"properties":{"OBJECTID":298484,"PRIMENAME":"South Wanamassa Drive","ELEVTYP_F":0,"ELEVTYP_T":0},"geometry":{"type":"LineString","coordinates":[[-74.0201435715662,40.2291839323973],[-74.0201315073715,40.2291983498274],[-74.0200752570686,40.2292362761475],[-74.0199942543405,40.2292645725119],[-74.0198759630406,40.2292831067074],[-74.019508663215,40.2293435431128],[-74.0193643594943,40.2293735802194],[-74.0192718800575,40.2294140459931],[-74.0192217271223,40.229471021152],[-74.0191651066806,40.2295613509161],[-74.0190975255782,40.2296972530941],[-74.0190704932883,40.2297516150347],[-74.0190517920344,40.2297927438324]]}},{"type":"Feature","id":298563,"properties":{"OBJECTID":298563,"PRIMENAME":"6th Avenue","ELEVTYP_F":0,"ELEVTYP_T":0},"geometry":{"type":"LineString","coordinates":[[-74.0012612648014,40.2263612252769],[-74.0011002087963,40.2262969781641]]}},{"type":"Feature","id":298678,"properties":{"OBJECTID":298678,"PRIMENAME":"4th Avenue","ELEVTYP_F":0,"ELEVTYP_T":0},"geometry":{"type":"LineString","coordinates":[[-74.0220352993058,40.226261100641],[-74.0210613750969,40.2265301721533]]}},{"type":"Feature","id":298847,"properties":{"OBJECTID":298847,"PRIMENAME":"Bond Street","ELEVTYP_F":0,"ELEVTYP_T":0},"geometry":{"type":"LineString","coordinates":[[-74.0098019760223,40.2222284510175],[-74.0098605569522,40.2220607998078],[-74.0101865872995,40.2211724719607]]}},{"type":"Feature","id":299233,"properties":{"OBJECTID":299233,"PRIMENAME":"Sunset Avenue","ELEVTYP_F":0,"ELEVTYP_T":0},"geometry":{"type":"LineString","coordinates":[[-74.0197072861244,40.2300003157357],[-74.019926355241,40.2300697456903],[-74.0205324873831,40.2302584409003]]}},{"type":"Feature","id":299764,"properties":{"OBJECTID":299764,"PRIMENAME":"Ocean Avenue","ELEVTYP_F":0,"ELEVTYP_T":0},"geometry":{"type":"LineString","coordinates":[[-74.0004479064927,40.2201189804115],[-74.0004467802496,40.2201213091869],[-74.0003489710282,40.2203366632363]]}},{"type":"Feature","id":299856,"properties":{"OBJECTID":299856,"PRIMENAME":"Central Avenue","ELEVTYP_F":0,"ELEVTYP_T":0},"geometry":{"type":"LineString","coordinates":[[-74.0048783445577,40.2155661610115],[-74.004700679588,40.2160450234425]]}},{"type":"Feature","id":299948,"properties":{"OBJECTID":299948,"PRIMENAME":"Winn Street","ELEVTYP_F":0,"ELEVTYP_T":0},"geometry":{"type":"LineString","coordinates":[[-74.0234993480623,40.2211919976292],[-74.0234951461587,40.2212550939087],[-74.0234742846371,40.2215695581457],[-74.0234548252893,40.2216838730714],[-74.0233913525373,40.2218694920687],[-74.0233156537949,40.222026455387],[-74.0232999047426,40.2220591109765]]}},{"type":"Feature","id":300187,"properties":{"OBJECTID":300187,"PRIMENAME":"Seaview Avenue","ELEVTYP_F":0,"ELEVTYP_T":0},"geometry":{"type":"LineString","coordinates":[[-74.0020087546206,40.215470230797],[-74.0020811558503,40.2154856960491],[-74.0033825285283,40.2157635874626]]}},{"type":"Feature","id":301138,"properties":{"OBJECTID":301138,"PRIMENAME":"Edgewood Avenue","ELEVTYP_F":0,"ELEVTYP_T":0},"geometry":{"type":"LineString","coordinates":[[-74.0220509683,40.2292190301707],[-74.0220020107182,40.2293130911235],[-74.0216367340902,40.2300148676385],[-74.0213679959215,40.2305187445954]]}},{"type":"Feature","id":301767,"properties":{"OBJECTID":301767,"PRIMENAME":"Kingsley Street","ELEVTYP_F":0,"ELEVTYP_T":0},"geometry":{"type":"LineString","coordinates":[[-74.00151026729,40.2216786059386],[-74.0015393684512,40.2215975268722]]}},{"type":"Feature","id":301870,"properties":{"OBJECTID":301870,"PRIMENAME":"Mount Zion Way","ELEVTYP_F":0,"ELEVTYP_T":0},"geometry":{"type":"LineString","coordinates":[[-74.0092648815303,40.214500247668],[-74.0091571222758,40.2144768948077],[-74.0089092090221,40.2144231900398]]}},{"type":"Feature","id":302813,"properties":{"OBJECTID":302813,"PRIMENAME":"Myrtle Avenue","ELEVTYP_F":0,"ELEVTYP_T":0},"geometry":{"type":"LineString","coordinates":[[-74.0259765164697,40.2174658561097],[-74.025887697127,40.2165833885702],[-74.0257797903558,40.2155370060184],[-74.0257697926657,40.2154403869714]]}},{"type":"Feature","id":302945,"properties":{"OBJECTID":302945,"PRIMENAME":"Drummond Avenue","ELEVTYP_F":0,"ELEVTYP_T":0},"geometry":{"type":"LineString","coordinates":[[-74.0251942305547,40.2258021666897],[-74.0251735296572,40.2257611499324],[-74.0250060806894,40.225429853127]]}},{"type":"Feature","id":303441,"properties":{"OBJECTID":303441,"PRIMENAME":"Kingsley Street","ELEVTYP_F":0,"ELEVTYP_T":0},"geometry":{"type":"LineString","coordinates":[[-73.9999559413521,40.2259953616871],[-74.0002318062216,40.2252475404485],[-74.0004144267715,40.2247354625155]]}},{"type":"Feature","id":303454,"properties":{"OBJECTID":303454,"PRIMENAME":"5th Avenue","ELEVTYP_F":0,"ELEVTYP_T":0},"geometry":{"type":"LineString","coordinates":[[-74.0086733791828,40.2254130379794],[-74.0097279283304,40.2256295254295],[-74.0099036558077,40.2256666440791]]}},{"type":"Feature","id":303508,"properties":{"OBJECTID":303508,"PRIMENAME":"Summerfield Avenue","ELEVTYP_F":0,"ELEVTYP_T":0},"geometry":{"type":"LineString","coordinates":[[-74.0261891754683,40.2197002077221],[-74.0270944371976,40.2197659525203]]}},{"type":"Feature","id":303585,"properties":{"OBJECTID":303585,"PRIMENAME":"Whitefield Avenue","ELEVTYP_F":0,"ELEVTYP_T":0},"geometry":{"type":"LineString","coordinates":[[-74.0115717837254,40.2140708195841],[-74.0115911964878,40.2140153652067],[-74.0117207521716,40.2136462357596]]}},{"type":"Feature","id":303597,"properties":{"OBJECTID":303597,"PRIMENAME":"Pilgrim Pathway","ELEVTYP_F":0,"ELEVTYP_T":0},"geometry":{"type":"LineString","coordinates":[[-74.0056849596844,40.2157680352649],[-74.0058040577469,40.2154385920432]]}},{"type":"Feature","id":303933,"properties":{"OBJECTID":303933,"PRIMENAME":"Jeffrey Street","ELEVTYP_F":0,"ELEVTYP_T":0},"geometry":{"type":"LineString","coordinates":[[-74.0210613750969,40.2265301721533],[-74.0212580759184,40.2268849715471],[-74.0214408072556,40.2272145679412],[-74.0214694697366,40.2272662677848],[-74.0213943482994,40.2272851144169]]}},{"type":"Feature","id":304370,"properties":{"OBJECTID":304370,"PRIMENAME":"5th Avenue","ELEVTYP_F":0,"ELEVTYP_T":0},"geometry":{"type":"LineString","coordinates":[[-74.0054750353699,40.2247286435505],[-74.0062053993321,40.2248818619183],[-74.0066944919362,40.2249844612747],[-74.0071201878423,40.2250779656607]]}},{"type":"Feature","id":304650,"properties":{"OBJECTID":304650,"PRIMENAME":"Surf Avenue","ELEVTYP_F":0,"ELEVTYP_T":0},"geometry":{"type":"LineString","coordinates":[[-74.0050524645488,40.2150968635427],[-74.0058006028617,40.2152585439847],[-74.0058641715307,40.2152723218341]]}},{"type":"Feature","id":305198,"properties":{"OBJECTID":305198,"PRIMENAME":"Seaview Avenue","ELEVTYP_F":0,"ELEVTYP_T":0},"geometry":{"type":"LineString","coordinates":[[-74.0033825285283,40.2157635874626],[-74.004700679588,40.2160450234425]]}},{"type":"Feature","id":305361,"properties":{"OBJECTID":305361,"PRIMENAME":"Ocean Avenue","ELEVTYP_F":0,"ELEVTYP_T":0},"geometry":{"type":"LineString","coordinates":[[-73.9982117832778,40.2267321595603],[-73.9981312589188,40.2269860197413]]}},{"type":"Feature","id":307204,"properties":{"OBJECTID":307204,"PRIMENAME":"Whitesville Road","ELEVTYP_F":0,"ELEVTYP_T":0},"geometry":{"type":"LineString","coordinates":[[-74.0264051567987,40.2234701541089],[-74.0260440269016,40.2238566044335]]}},{"type":"Feature","id":307453,"properties":{"OBJECTID":307453,"PRIMENAME":"Comstock Street","ELEVTYP_F":0,"ELEVTYP_T":0},"geometry":{"type":"LineString","coordinates":[[-74.0172368616901,40.2199246182288],[-74.017452752645,40.2193569774083],[-74.0175108413092,40.2191950853476]]}},{"type":"Feature","id":307642,"properties":{"OBJECTID":307642,"PRIMENAME":"Prospect Avenue","ELEVTYP_F":0,"ELEVTYP_T":0},"geometry":{"type":"LineString","coordinates":[[-74.0240513693013,40.2261759324182],[-74.0240222964952,40.2261233785803]]}},{"type":"Feature","id":307946,"properties":{"OBJECTID":307946,"PRIMENAME":"Prospect Avenue","ELEVTYP_F":0,"ELEVTYP_T":0},"geometry":{"type":"LineString","coordinates":[[-74.0214185052401,40.2210876588136],[-74.0213763301097,40.221060470618],[-74.021060261449,40.2209162187287],[-74.0194237604041,40.2202183188389],[-74.0193370082925,40.2201798269341],[-74.0193007914301,40.2201307016746]]}},{"type":"Feature","id":308398,"properties":{"OBJECTID":308398,"PRIMENAME":"Pilgrim Pathway","ELEVTYP_F":0,"ELEVTYP_T":0},"geometry":{"type":"LineString","coordinates":[[-74.0071650810418,40.2131244111039],[-74.0072970574737,40.2126959723765]]}},{"type":"Feature","id":308649,"properties":{"OBJECTID":308649,"PRIMENAME":"Wanamassa Point Road","ELEVTYP_F":0,"ELEVTYP_T":0},"geometry":{"type":"LineString","coordinates":[[-74.0186882995304,40.2302003013423],[-74.0185944932071,40.2302357641376],[-74.0184138876873,40.2302731444209],[-74.0182645061788,40.2302915746159],[-74.0181588087303,40.2302863854106],[-74.0180159652823,40.2302667117853],[-74.0177615985194,40.2301846668],[-74.0176435755369,40.2301650682066],[-74.0175564748401,40.2301742315542],[-74.0174690643711,40.2302167750353],[-74.0173751245815,40.2303164746898],[-74.017256221484,40.2304208202771],[-74.0171499509413,40.2305014434861],[-74.0170872912743,40.230548949937]]}},{"type":"Feature","id":309088,"properties":{"OBJECTID":309088,"PRIMENAME":"New Jersey Avenue","ELEVTYP_F":0,"ELEVTYP_T":0},"geometry":{"type":"LineString","coordinates":[[-74.0097824317718,40.214361059633],[-74.0097986088203,40.214317588798],[-74.0098575082702,40.2141593822364]]}},{"type":"Feature","id":309995,"properties":{"OBJECTID":309995,"PRIMENAME":"Whitesville Road","ELEVTYP_F":0,"ELEVTYP_T":0},"geometry":{"type":"LineString","coordinates":[[-74.0282943557103,40.2212990471666],[-74.0274124749454,40.2223028731437],[-74.0273157891146,40.2224148964067]]}},{"type":"Feature","id":310369,"properties":{"OBJECTID":310369,"PRIMENAME":"Monroe Avenue","ELEVTYP_F":0,"ELEVTYP_T":0},"geometry":{"type":"LineString","coordinates":[[-74.009562014912,40.2182967051358],[-74.0079202575856,40.2179494639334]]}},{"type":"Feature","id":311925,"properties":{"OBJECTID":311925,"PRIMENAME":"Asbury Avenue","ELEVTYP_F":0,"ELEVTYP_T":0},"geometry":{"type":"LineString","coordinates":[[-74.0083332764079,40.2147571205833],[-74.0080443280311,40.2148367794525],[-74.0079029578468,40.2148757531148]]}},{"type":"Feature","id":313089,"properties":{"OBJECTID":313089,"PRIMENAME":"Bond Street","ELEVTYP_F":0,"ELEVTYP_T":0},"geometry":{"type":"LineString","coordinates":[[-74.0113790699134,40.2179032545771],[-74.0116110950406,40.2172640136536],[-74.0116425372444,40.2171741846172]]}},{"type":"Feature","id":314948,"properties":{"OBJECTID":314948,"PRIMENAME":"5th Avenue","ELEVTYP_F":0,"ELEVTYP_T":0},"geometry":{"type":"LineString","coordinates":[[-74.0135533945083,40.2264417327415],[-74.0148003912743,40.2267063920778]]}},{"type":"Feature","id":315036,"properties":{"OBJECTID":315036,"PRIMENAME":"Summerfield Avenue","ELEVTYP_F":0,"ELEVTYP_T":0},"geometry":{"type":"LineString","coordinates":[[-74.0189656547716,40.219508882491],[-74.0186831370595,40.2194479170301],[-74.0175108413092,40.2191950853476]]}},{"type":"Feature","id":315732,"properties":{"OBJECTID":315732,"PRIMENAME":"4th Avenue","ELEVTYP_F":0,"ELEVTYP_T":0},"geometry":{"type":"LineString","coordinates":[[-74.0228800695387,40.2260272316588],[-74.0227873394981,40.2260532867274],[-74.0220352993058,40.226261100641]]}},{"type":"Feature","id":315970,"properties":{"OBJECTID":315970,"PRIMENAME":"Sunset Avenue","ELEVTYP_F":0,"ELEVTYP_T":0},"geometry":{"type":"LineString","coordinates":[[-74.0221960007616,40.2307773630573],[-74.0230206998184,40.2310332176328]]}},{"type":"Feature","id":316421,"properties":{"OBJECTID":316421,"PRIMENAME":"1st Avenue","ELEVTYP_F":0,"ELEVTYP_T":0},"geometry":{"type":"LineString","coordinates":[[-74.0126969477809,40.2217073561117],[-74.0124785456379,40.2216616145724],[-74.0114250658486,40.22144097573]]}},{"type":"Feature","id":317236,"properties":{"OBJECTID":317236,"PRIMENAME":"Ocean Avenue","ELEVTYP_F":0,"ELEVTYP_T":0},"geometry":{"type":"LineString","coordinates":[[-73.9985483858035,40.2256720024297],[-73.9985292907644,40.225731383679],[-73.9984960652019,40.2258361118343]]}},{"type":"Feature","id":317719,"properties":{"OBJECTID":317719,"PRIMENAME":"Cookman Avenue","ELEVTYP_F":0,"ELEVTYP_T":0},"geometry":{"type":"LineString","coordinates":[[-74.0150668614656,40.2163339302713],[-74.0152109971456,40.2163640724369],[-74.0163005312409,40.2165942900185]]}},{"type":"Feature","id":318168,"properties":{"OBJECTID":318168,"PRIMENAME":"2nd Avenue","ELEVTYP_F":0,"ELEVTYP_T":0},"geometry":{"type":"LineString","coordinates":[[-74.0098019760223,40.2222284510175],[-74.0110470514714,40.22249361014]]}},{"type":"Feature","id":318190,"properties":{"OBJECTID":318190,"PRIMENAME":"Main Street","ELEVTYP_F":0,"ELEVTYP_T":0},"geometry":{"type":"LineString","coordinates":[[-74.0084001491352,40.2299789886925],[-74.0082360731921,40.2307025607723],[-74.0081757344595,40.2309686446933],[-74.0081116514623,40.2312504599453],[-74.008082580982,40.2313783060762]]}},{"type":"Feature","id":318359,"properties":{"OBJECTID":318359,"PRIMENAME":"Beach Avenue","ELEVTYP_F":0,"ELEVTYP_T":0},"geometry":{"type":"LineString","coordinates":[[-74.0035579135376,40.2152842237005],[-74.0033825285283,40.2157635874626]]}},{"type":"Feature","id":318506,"properties":{"OBJECTID":318506,"PRIMENAME":"Memorial Drive","ELEVTYP_F":0,"ELEVTYP_T":0},"geometry":{"type":"LineString","coordinates":[[-74.0145497006011,40.217005034713],[-74.0147364470135,40.2168149683092],[-74.0148493394104,40.2166819395908],[-74.0149497340162,40.216553718408],[-74.0150252068189,40.2164253368778],[-74.0150568343263,40.2163539831326],[-74.0150668614656,40.2163339302713]]}},{"type":"Feature","id":318522,"properties":{"OBJECTID":318522,"PRIMENAME":"Dunlewy Street","ELEVTYP_F":0,"ELEVTYP_T":0},"geometry":{"type":"LineString","coordinates":[[-74.0228800695387,40.2260272316588],[-74.0230922006463,40.2264055225044]]}},{"type":"Feature","id":319199,"properties":{"OBJECTID":319199,"PRIMENAME":"1st Avenue","ELEVTYP_F":0,"ELEVTYP_T":0},"geometry":{"type":"LineString","coordinates":[[-74.0207378168089,40.2234099296543],[-74.0205890542246,40.2233782927118],[-74.0196084743401,40.2231699254028]]}},{"type":"Feature","id":319618,"properties":{"OBJECTID":319618,"PRIMENAME":"Unnamed Segment","ELEVTYP_F":0,"ELEVTYP_T":0},"geometry":{"type":"LineString","coordinates":[[-74.0181734220477,40.215580159372],[-74.0183414212164,40.215568158199],[-74.0184104228263,40.2155721587714],[-74.0194714228301,40.2156421587306],[-74.0196245615193,40.2156374245654]]}},{"type":"Feature","id":319754,"properties":{"OBJECTID":319754,"PRIMENAME":"Whitesville Road","ELEVTYP_F":0,"ELEVTYP_T":0},"geometry":{"type":"LineString","coordinates":[[-74.0217668238528,40.2254518180891],[-74.0216017440397,40.225498930835]]}},{"type":"Feature","id":320291,"properties":{"OBJECTID":320291,"PRIMENAME":"Main Street","ELEVTYP_F":0,"ELEVTYP_T":0},"geometry":{"type":"LineString","coordinates":[[-74.0110470514714,40.22249361014],[-74.0109061217112,40.222892530268],[-74.0106641115943,40.2235520964496]]}},{"type":"Feature","id":320662,"properties":{"OBJECTID":320662,"PRIMENAME":"Pilgrim Pathway","ELEVTYP_F":0,"ELEVTYP_T":0},"geometry":{"type":"LineString","coordinates":[[-74.0060410792597,40.2147829119504],[-74.0060980617232,40.2146252692744],[-74.006239513214,40.2142339403285],[-74.0062749912563,40.2141357843101],[-74.0062835803321,40.2141118423782],[-74.0063550530043,40.2139126125243],[-74.0065204844916,40.2134514510277]]}},{"type":"Feature","id":320689,"properties":{"OBJECTID":320689,"PRIMENAME":"Ridge Avenue","ELEVTYP_F":0,"ELEVTYP_T":0},"geometry":{"type":"LineString","coordinates":[[-74.0249631561352,40.2222996009468],[-74.0249812413684,40.2213458931984],[-74.0249814150879,40.2212646615453]]}},{"type":"Feature","id":320929,"properties":{"OBJECTID":320929,"PRIMENAME":"McClintock Street","ELEVTYP_F":0,"ELEVTYP_T":0},"geometry":{"type":"LineString","coordinates":[[-74.0057246944995,40.2132810901314],[-74.0043957640836,40.2129966275832]]}},{"type":"Feature","id":321680,"properties":{"OBJECTID":321680,"PRIMENAME":"Kingsley Street","ELEVTYP_F":0,"ELEVTYP_T":0},"geometry":{"type":"LineString","coordinates":[[-73.9995715462599,40.2270647579746],[-73.9997876571192,40.2264514430903],[-73.999893890065,40.2261635970765],[-73.9998960815792,40.2261576765401]]}},{"type":"Feature","id":322531,"properties":{"OBJECTID":322531,"PRIMENAME":"Comstock Street","ELEVTYP_F":0,"ELEVTYP_T":0},"geometry":{"type":"LineString","coordinates":[[-74.0175108413092,40.2191950853476],[-74.0176305608205,40.2188612680039],[-74.0177710712981,40.2184694744981]]}},{"type":"Feature","id":323818,"properties":{"OBJECTID":323818,"PRIMENAME":"Sewall Avenue","ELEVTYP_F":0,"ELEVTYP_T":0},"geometry":{"type":"LineString","coordinates":[[-74.0249631561352,40.2222996009468],[-74.0255565442435,40.2223286873823]]}},{"type":"Feature","id":324022,"properties":{"OBJECTID":324022,"PRIMENAME":"Unnamed Segment","ELEVTYP_F":0,"ELEVTYP_T":0},"geometry":{"type":"LineString","coordinates":[[-74.0230339954256,40.2171169264686],[-74.0231060782537,40.2171226040824],[-74.0236694953619,40.2171672285185],[-74.0237072905118,40.2171702112514]]}},{"type":"Feature","id":324467,"properties":{"OBJECTID":324467,"PRIMENAME":"Ballard Drive","ELEVTYP_F":0,"ELEVTYP_T":0},"geometry":{"type":"LineString","coordinates":[[-74.0248108846018,40.2271884803403],[-74.0240952285196,40.2273806718254],[-74.0240371323691,40.2273962730097],[-74.0239871164585,40.2274294227151],[-74.0239238761359,40.2275864654303],[-74.0239041567895,40.2276353861394]]}},{"type":"Feature","id":324710,"properties":{"OBJECTID":324710,"PRIMENAME":"Myrtle Avenue","ELEVTYP_F":0,"ELEVTYP_T":0},"geometry":{"type":"LineString","coordinates":[[-74.0261633615989,40.2213236147949],[-74.0261643704327,40.2212611096936],[-74.0261793772842,40.2203150491607]]}},{"type":"Feature","id":325389,"properties":{"OBJECTID":325389,"PRIMENAME":"Memorial Drive","ELEVTYP_F":0,"ELEVTYP_T":0},"geometry":{"type":"LineString","coordinates":[[-74.0133462119769,40.2198838662338],[-74.0130792398865,40.2206435063597]]}},{"type":"Feature","id":325793,"properties":{"OBJECTID":325793,"PRIMENAME":"3rd Avenue","ELEVTYP_F":0,"ELEVTYP_T":0},"geometry":{"type":"LineString","coordinates":[[-74.0135874655077,40.2241670548501],[-74.0120433246177,40.2238439186668],[-74.0119355094387,40.2238210905566]]}},{"type":"Feature","id":326074,"properties":{"OBJECTID":326074,"PRIMENAME":"Unnamed Segment","ELEVTYP_F":0,"ELEVTYP_T":0},"geometry":{"type":"LineString","coordinates":[[-74.0146311059416,40.2193693177784],[-74.0146300346789,40.219372244068],[-74.0146129782989,40.2194188416862],[-74.0144078891015,40.2199399353036],[-74.014365160911,40.2200408914182],[-74.0143459320283,40.2200932054376]]}},{"type":"Feature","id":326238,"properties":{"OBJECTID":326238,"PRIMENAME":"Bath Avenue","ELEVTYP_F":0,"ELEVTYP_T":0},"geometry":{"type":"LineString","coordinates":[[-74.0052335199829,40.2146089281073],[-74.0039094054995,40.2143237393312]]}},{"type":"Feature","id":326370,"properties":{"OBJECTID":326370,"PRIMENAME":"Langford Street","ELEVTYP_F":0,"ELEVTYP_T":0},"geometry":{"type":"LineString","coordinates":[[-74.0132770011078,40.2272132198632],[-74.0131252978953,40.2276365844638],[-74.0130925528444,40.2277279186778]]}},{"type":"Feature","id":326646,"properties":{"OBJECTID":326646,"PRIMENAME":"Sunset Avenue","ELEVTYP_F":0,"ELEVTYP_T":0},"geometry":{"type":"LineString","coordinates":[[-74.0015744965761,40.2249797113622],[-74.0023899936776,40.2251710503014],[-74.0025699999266,40.225209955681],[-74.0026630843617,40.2252341846954],[-74.0031338343157,40.2254792701009],[-74.0036318767192,40.2257246633768]]}},{"type":"Feature","id":327790,"properties":{"OBJECTID":327790,"PRIMENAME":"Camp Avenue","ELEVTYP_F":0,"ELEVTYP_T":0},"geometry":{"type":"LineString","coordinates":[[-74.0197072861244,40.2300003157357],[-74.0200620867471,40.2293363128904],[-74.0201435715662,40.2291839323973]]}},{"type":"Feature","id":327842,"properties":{"OBJECTID":327842,"PRIMENAME":"Emory Street","ELEVTYP_F":0,"ELEVTYP_T":0},"geometry":{"type":"LineString","coordinates":[[-74.0078780784942,40.2229626021242],[-74.0075405516352,40.2239049819434],[-74.007498589751,40.2240219985328]]}},{"type":"Feature","id":328688,"properties":{"OBJECTID":328688,"PRIMENAME":"Wickapecko Drive","ELEVTYP_F":0,"ELEVTYP_T":0},"geometry":{"type":"LineString","coordinates":[[-74.0272703596448,40.2255450076701],[-74.0271965108513,40.2254622659206],[-74.0270992648538,40.2253853036006]]}},{"type":"Feature","id":329650,"properties":{"OBJECTID":329650,"PRIMENAME":"Cookman Avenue","ELEVTYP_F":0,"ELEVTYP_T":0},"geometry":{"type":"LineString","coordinates":[[-74.0128580349331,40.2158618060119],[-74.0131997375759,40.2159362123342],[-74.0133981758171,40.2159792134254]]}},{"type":"Feature","id":329812,"properties":{"OBJECTID":329812,"PRIMENAME":"Pilgrim Pathway","ELEVTYP_F":0,"ELEVTYP_T":0},"geometry":{"type":"LineString","coordinates":[[-74.0058641715307,40.2152723218341],[-74.0060410792597,40.2147829119504]]}},{"type":"Feature","id":330379,"properties":{"OBJECTID":330379,"PRIMENAME":"Emory Street","ELEVTYP_F":0,"ELEVTYP_T":0},"geometry":{"type":"LineString","coordinates":[[-74.010088389192,40.2168418111997],[-74.0099766837823,40.2171665678619],[-74.0098301863061,40.2175637341952]]}},{"type":"Feature","id":331189,"properties":{"OBJECTID":331189,"PRIMENAME":"Sunset Avenue","ELEVTYP_F":0,"ELEVTYP_T":0},"geometry":{"type":"LineString","coordinates":[[-74.0162354406852,40.2283943014903],[-74.0165075861231,40.2284527130937],[-74.0176173576745,40.2286908997371],[-74.0177476706874,40.2287295473797],[-74.017859391205,40.2287586450907],[-74.0179460183025,40.228816189396],[-74.0179812692888,40.2288469166247],[-74.0180780461838,40.2289312709852]]}},{"type":"Feature","id":331223,"properties":{"OBJECTID":331223,"PRIMENAME":"Bangs Avenue","ELEVTYP_F":0,"ELEVTYP_T":0},"geometry":{"type":"LineString","coordinates":[[-74.0249915067612,40.219070974711],[-74.0241538311203,40.2190054823359],[-74.0228053348438,40.2189000401084]]}},{"type":"Feature","id":331431,"properties":{"OBJECTID":331431,"PRIMENAME":"Main Street","ELEVTYP_F":0,"ELEVTYP_T":0},"geometry":{"type":"LineString","coordinates":[[-74.0128698554704,40.2174366409532],[-74.0126998314601,40.2179207635373],[-74.0126119618953,40.2181642816805]]}},{"type":"Feature","id":331886,"properties":{"OBJECTID":331886,"PRIMENAME":"Bond Street","ELEVTYP_F":0,"ELEVTYP_T":0},"geometry":{"type":"LineString","coordinates":[[-74.0111153295245,40.218629796302],[-74.0112431990313,40.2182776814528],[-74.0113790699134,40.2179032545771]]}},{"type":"Feature","id":332038,"properties":{"OBJECTID":332038,"PRIMENAME":"5th Avenue","ELEVTYP_F":0,"ELEVTYP_T":0},"geometry":{"type":"LineString","coordinates":[[-74.0071201878423,40.2250779656607],[-74.0082498524777,40.2253260819765],[-74.0086733791828,40.2254130379794]]}},{"type":"Feature","id":332161,"properties":{"OBJECTID":332161,"PRIMENAME":"Sewall Avenue","ELEVTYP_F":0,"ELEVTYP_T":0},"geometry":{"type":"LineString","coordinates":[[-74.0133462119769,40.2198838662338],[-74.0134822019951,40.2199123019511],[-74.0143459320283,40.2200932054376]]}},{"type":"Feature","id":332479,"properties":{"OBJECTID":332479,"PRIMENAME":"Cookman Avenue","ELEVTYP_F":0,"ELEVTYP_T":0},"geometry":{"type":"LineString","coordinates":[[-74.0163005312409,40.2165942900185],[-74.0165456414533,40.2166461010605]]}},{"type":"Feature","id":332718,"properties":{"OBJECTID":332718,"PRIMENAME":"Asbury Avenue","ELEVTYP_F":0,"ELEVTYP_T":0},"geometry":{"type":"LineString","coordinates":[[-74.0264051567987,40.2234701541089],[-74.025614193852,40.2233025841862],[-74.0255467473222,40.2232882212565]]}},{"type":"Feature","id":332750,"properties":{"OBJECTID":332750,"PRIMENAME":"Heck Street","ELEVTYP_F":0,"ELEVTYP_T":0},"geometry":{"type":"LineString","coordinates":[[-74.00460591859,40.2222711714515],[-74.0049830626697,40.2212089191179]]}},{"type":"Feature","id":334867,"properties":{"OBJECTID":334867,"PRIMENAME":"Wickapecko Drive","ELEVTYP_F":0,"ELEVTYP_T":0},"geometry":{"type":"LineString","coordinates":[[-74.0255013841363,40.2318018430933],[-74.0257460617408,40.231051691698],[-74.0261524598725,40.229842730947],[-74.0261748180307,40.2297746850581]]}},{"type":"Feature","id":335266,"properties":{"OBJECTID":335266,"PRIMENAME":"Wardell Place","ELEVTYP_F":0,"ELEVTYP_T":0},"geometry":{"type":"LineString","coordinates":[[-74.0234579274332,40.2275225872998],[-74.0239041567895,40.2276353861394]]}},{"type":"Feature","id":335808,"properties":{"OBJECTID":335808,"PRIMENAME":"Grand Avenue","ELEVTYP_F":0,"ELEVTYP_T":0},"geometry":{"type":"LineString","coordinates":[[-74.0042851510776,40.2281407806849],[-74.0040477941234,40.2287990885844],[-74.003903294417,40.229203749543]]}},{"type":"Feature","id":337257,"properties":{"OBJECTID":337257,"PRIMENAME":"Asbury Avenue","ELEVTYP_F":0,"ELEVTYP_T":0},"geometry":{"type":"LineString","coordinates":[[-74.0102445874624,40.214241154258],[-74.009933876322,40.2143217678537],[-74.0097824317718,40.214361059633]]}},{"type":"Feature","id":337441,"properties":{"OBJECTID":337441,"PRIMENAME":"Asbury Avenue","ELEVTYP_F":0,"ELEVTYP_T":0},"geometry":{"type":"LineString","coordinates":[[-74.0105751446873,40.2201137367367],[-74.0090253564609,40.2197840848644]]}},{"type":"Feature","id":337722,"properties":{"OBJECTID":337722,"PRIMENAME":"Memorial Drive","ELEVTYP_F":0,"ELEVTYP_T":0},"geometry":{"type":"LineString","coordinates":[[-74.0138620263229,40.2184289371372],[-74.0140891280461,40.2177940091202],[-74.0141233871336,40.2177003750961]]}},{"type":"Feature","id":338857,"properties":{"OBJECTID":338857,"PRIMENAME":"Whitesville Road","ELEVTYP_F":0,"ELEVTYP_T":0},"geometry":{"type":"LineString","coordinates":[[-74.0224458392246,40.2252579802219],[-74.0217668238528,40.2254518180891]]}},{"type":"Feature","id":339242,"properties":{"OBJECTID":339242,"PRIMENAME":"Bridge Street","ELEVTYP_F":0,"ELEVTYP_T":0},"geometry":{"type":"LineString","coordinates":[[-74.0189772631493,40.226455314106],[-74.0191673118388,40.2259218239051]]}},{"type":"Feature","id":339464,"properties":{"OBJECTID":339464,"PRIMENAME":"Ridge Avenue","ELEVTYP_F":0,"ELEVTYP_T":0},"geometry":{"type":"LineString","coordinates":[[-74.0256965504274,40.2242803945838],[-74.0251873979429,40.2238775287221],[-74.0251070663842,40.2238057129781],[-74.0250329673938,40.2237338678125],[-74.024983688639,40.2236669826769],[-74.0249593320551,40.22359062028],[-74.0249475370746,40.2235000058924],[-74.0249499042548,40.2231611150628]]}},{"type":"Feature","id":339563,"properties":{"OBJECTID":339563,"PRIMENAME":"Kingsley Street","ELEVTYP_F":0,"ELEVTYP_T":0},"geometry":{"type":"LineString","coordinates":[[-74.0018873261579,40.2206341254086],[-74.0019404323042,40.2204879770435]]}},{"type":"Feature","id":339748,"properties":{"OBJECTID":339748,"PRIMENAME":"Sewall Avenue","ELEVTYP_F":0,"ELEVTYP_T":0},"geometry":{"type":"LineString","coordinates":[[-74.0217887593503,40.2217364639503],[-74.0219371601841,40.2217681528015],[-74.0229778941429,40.2219903610651],[-74.0232999047426,40.2220591109765]]}},{"type":"Feature","id":339882,"properties":{"OBJECTID":339882,"PRIMENAME":"Wickapecko Drive","ELEVTYP_F":0,"ELEVTYP_T":0},"geometry":{"type":"LineString","coordinates":[[-74.0261748180307,40.2297746850581],[-74.0264446942297,40.2289527103095],[-74.0264602296274,40.2289077241952]]}},{"type":"Feature","id":340457,"properties":{"OBJECTID":340457,"PRIMENAME":"Ocean Pathway","ELEVTYP_F":0,"ELEVTYP_T":0},"geometry":{"type":"LineString","coordinates":[[-74.0026645596657,40.2136449873408],[-74.0027783332757,40.2136632931938],[-74.0040748078452,40.2138717293846]]}},{"type":"Feature","id":340862,"properties":{"OBJECTID":340862,"PRIMENAME":"Sunset Avenue","ELEVTYP_F":0,"ELEVTYP_T":0},"geometry":{"type":"LineString","coordinates":[[-74.0230206998184,40.2310332176328],[-74.0237919390912,40.2312724569155],[-74.0238532689848,40.23129143144]]}},{"type":"Feature","id":341406,"properties":{"OBJECTID":341406,"PRIMENAME":"Borden Avenue","ELEVTYP_F":0,"ELEVTYP_T":0},"geometry":{"type":"LineString","coordinates":[[-74.0220114761519,40.2151629211858],[-74.0219619460253,40.2155866932357],[-74.0217674611255,40.217146599806],[-74.0216786489531,40.2178589202403],[-74.0216666936441,40.2179549273848]]}},{"type":"Feature","id":342655,"properties":{"OBJECTID":342655,"PRIMENAME":"Ridge Avenue","ELEVTYP_F":0,"ELEVTYP_T":0},"geometry":{"type":"LineString","coordinates":[[-74.0243842512401,40.2131716218294],[-74.0243796506825,40.2131267494768],[-74.024350054483,40.2128579223715],[-74.0243359528677,40.2127954649871]]}},{"type":"Feature","id":342685,"properties":{"OBJECTID":342685,"PRIMENAME":"Bangs Avenue","ELEVTYP_F":0,"ELEVTYP_T":0},"geometry":{"type":"LineString","coordinates":[[-74.0203070418143,40.2187138251568],[-74.0184782068321,40.2185850283242]]}},{"type":"Feature","id":342952,"properties":{"OBJECTID":342952,"PRIMENAME":"Asbury Avenue","ELEVTYP_F":0,"ELEVTYP_T":0},"geometry":{"type":"LineString","coordinates":[[-74.0147193540158,40.2209929461845],[-74.0132411540049,40.2206775418976],[-74.0130792398865,40.2206435063597]]}},{"type":"Feature","id":343171,"properties":{"OBJECTID":343171,"PRIMENAME":"7th Avenue","ELEVTYP_F":0,"ELEVTYP_T":0},"geometry":{"type":"LineString","coordinates":[[-73.9995715462599,40.2270647579746],[-73.9987576203199,40.2268656746744],[-73.9983782717879,40.2267728844373],[-73.9982117832778,40.2267321595603]]}},{"type":"Feature","id":343322,"properties":{"OBJECTID":343322,"PRIMENAME":"Sunset Avenue","ELEVTYP_F":0,"ELEVTYP_T":0},"geometry":{"type":"LineString","coordinates":[[-74.0190517920344,40.2297927438324],[-74.0197072861244,40.2300003157357]]}},{"type":"Feature","id":343560,"properties":{"OBJECTID":343560,"PRIMENAME":"Ocean Avenue","ELEVTYP_F":0,"ELEVTYP_T":0},"geometry":{"type":"LineString","coordinates":[[-73.9999452416641,40.221390007732],[-73.9996350363828,40.2222326361661]]}},{"type":"Feature","id":344372,"properties":{"OBJECTID":344372,"PRIMENAME":"Webb Street","ELEVTYP_F":0,"ELEVTYP_T":0},"geometry":{"type":"LineString","coordinates":[[-74.0019352537409,40.2239777402497],[-74.0018997923048,40.2240762244684],[-74.0017484302693,40.224496625151],[-74.0017057512864,40.2246151640587],[-74.0015744965761,40.2249797113622]]}},{"type":"Feature","id":344465,"properties":{"OBJECTID":344465,"PRIMENAME":"Sewall Avenue","ELEVTYP_F":0,"ELEVTYP_T":0},"geometry":{"type":"LineString","coordinates":[[-74.0149893563371,40.2202279614052],[-74.0159902115245,40.2204375505607],[-74.0169845298028,40.2206507551036]]}},{"type":"Feature","id":344650,"properties":{"OBJECTID":344650,"PRIMENAME":"Grand Avenue","ELEVTYP_F":0,"ELEVTYP_T":0},"geometry":{"type":"LineString","coordinates":[[-74.0062340674599,40.2226154914434],[-74.00622160672,40.222649651129],[-74.0058827591056,40.2235785897075],[-74.0058495971903,40.2236720610349]]}},{"type":"Feature","id":345657,"properties":{"OBJECTID":345657,"PRIMENAME":"Park Avenue","ELEVTYP_F":0,"ELEVTYP_T":0},"geometry":{"type":"LineString","coordinates":[[-74.0032555231648,40.2267848818858],[-74.0035969187256,40.2258231223268],[-74.0036318767192,40.2257246633768]]}},{"type":"Feature","id":345714,"properties":{"OBJECTID":345714,"PRIMENAME":"Ridge Avenue","ELEVTYP_F":0,"ELEVTYP_T":0},"geometry":{"type":"LineString","coordinates":[[-74.0249915067612,40.219070974711],[-74.0249796584919,40.2189009397892],[-74.0249787046659,40.2188916571643],[-74.0248392618806,40.2175343817337]]}},{"type":"Feature","id":345810,"properties":{"OBJECTID":345810,"PRIMENAME":"Boardwalk","ELEVTYP_F":0,"ELEVTYP_T":0},"geometry":{"type":"LineString","coordinates":[[-74.0025240935155,40.2140253703035],[-74.0026645596657,40.2136449873408]]}},{"type":"Feature","id":345889,"properties":{"OBJECTID":345889,"PRIMENAME":"Main Street","ELEVTYP_F":0,"ELEVTYP_T":0},"geometry":{"type":"LineString","coordinates":[[-74.0114250658486,40.22144097573],[-74.0111822397204,40.2221108893315],[-74.0110470514714,40.22249361014]]}},{"type":"Feature","id":347014,"properties":{"OBJECTID":347014,"PRIMENAME":"Grand Avenue","ELEVTYP_F":0,"ELEVTYP_T":0},"geometry":{"type":"LineString","coordinates":[[-74.0073821317729,40.2194369667385],[-74.0070312184264,40.2203997411074],[-74.0069990375891,40.2204915426532]]}},{"type":"Feature","id":347240,"properties":{"OBJECTID":347240,"PRIMENAME":"Union Avenue","ELEVTYP_F":0,"ELEVTYP_T":0},"geometry":{"type":"LineString","coordinates":[[-74.0196245615193,40.2156374245654],[-74.0195074393935,40.2154192552206],[-74.0194891198536,40.2153715219575],[-74.0194895912272,40.2153047868785],[-74.0195163608975,40.2150332276317],[-74.0195216833458,40.2149792778994]]}},{"type":"Feature","id":347364,"properties":{"OBJECTID":347364,"PRIMENAME":"4th Avenue","ELEVTYP_F":0,"ELEVTYP_T":0},"geometry":{"type":"LineString","coordinates":[[-74.0111932328022,40.2248037240426],[-74.0104362510929,40.2246433560947],[-74.0102845212133,40.2246112538402]]}},{"type":"Feature","id":347506,"properties":{"OBJECTID":347506,"PRIMENAME":"Ocean Avenue","ELEVTYP_F":0,"ELEVTYP_T":0},"geometry":{"type":"LineString","coordinates":[[-73.9995838162059,40.2224623791224],[-73.9995556198642,40.2226197248944],[-73.9993097705903,40.2233042864885],[-73.9992783955596,40.2234018544926]]}},{"type":"Feature","id":348340,"properties":{"OBJECTID":348340,"PRIMENAME":"Boston Way","ELEVTYP_F":0,"ELEVTYP_T":0},"geometry":{"type":"LineString","coordinates":[[-74.0160994930214,40.213931078401],[-74.0163041769728,40.2138855664334],[-74.0175246054545,40.2136141852075],[-74.018402456124,40.2134319594163],[-74.0187304873328,40.2133728184369]]}},{"type":"Feature","id":349511,"properties":{"OBJECTID":349511,"PRIMENAME":"Lake Avenue","ELEVTYP_F":0,"ELEVTYP_T":0},"geometry":{"type":"LineString","coordinates":[[-74.0077154678171,40.2161167703476],[-74.0076698100459,40.2161365890637],[-74.0073534939916,40.2162758820731],[-74.0066804563629,40.2165850953228],[-74.0063152955063,40.2167533482171],[-74.006283568749,40.2167679667826],[-74.0062642586572,40.2167740900378],[-74.0061967085999,40.2167955152513],[-74.0059962454046,40.2168590362194],[-74.005926328242,40.2168760324817]]}},{"type":"Feature","id":349855,"properties":{"OBJECTID":349855,"PRIMENAME":"Cookman Avenue","ELEVTYP_F":0,"ELEVTYP_T":0},"geometry":{"type":"LineString","coordinates":[[-74.0040536235344,40.2180448849751],[-74.0060067554489,40.2176358221236],[-74.006244370566,40.2175948611137],[-74.0062508970341,40.2175937360952]]}},{"type":"Feature","id":350191,"properties":{"OBJECTID":350191,"PRIMENAME":"Sewall Avenue","ELEVTYP_F":0,"ELEVTYP_T":0},"geometry":{"type":"LineString","coordinates":[[-74.0076589382088,40.2186776003906],[-74.0083587705129,40.2188222576891],[-74.0087394018066,40.218900932445],[-74.0093003812669,40.2190211385937]]}},{"type":"Feature","id":350705,"properties":{"OBJECTID":350705,"PRIMENAME":"Sewall Avenue","ELEVTYP_F":0,"ELEVTYP_T":0},"geometry":{"type":"LineString","coordinates":[[-74.0093003812669,40.2190211385937],[-74.0107817342971,40.2193385276647],[-74.010852424011,40.2193538153738]]}},{"type":"Feature","id":351437,"properties":{"OBJECTID":351437,"PRIMENAME":"4th Avenue","ELEVTYP_F":0,"ELEVTYP_T":0},"geometry":{"type":"LineString","coordinates":[[-74.0011825137607,40.2225908117203],[-73.9996350363828,40.2222326361661]]}},{"type":"Feature","id":352160,"properties":{"OBJECTID":352160,"PRIMENAME":"7th Avenue","ELEVTYP_F":0,"ELEVTYP_T":0},"geometry":{"type":"LineString","coordinates":[[-73.9981312589188,40.2269860197413],[-73.9982532438256,40.2270059021826],[-73.9982898932543,40.227011865863],[-73.9986861034551,40.227076342138],[-73.9995196403737,40.2272119802543]]}},{"type":"Feature","id":352345,"properties":{"OBJECTID":352345,"PRIMENAME":"Summerfield Avenue","ELEVTYP_F":0,"ELEVTYP_T":0},"geometry":{"type":"LineString","coordinates":[[-74.0098301863061,40.2175637341952],[-74.0093156203947,40.2174496853039],[-74.0081840338694,40.2172123872601]]}},{"type":"Feature","id":352558,"properties":{"OBJECTID":352558,"PRIMENAME":"Ocean Avenue","ELEVTYP_F":0,"ELEVTYP_T":0},"geometry":{"type":"LineString","coordinates":[[-74.001124095844,40.2182753327959],[-74.000839983456,40.2190543351853]]}},{"type":"Feature","id":352818,"properties":{"OBJECTID":352818,"PRIMENAME":"2nd Avenue","ELEVTYP_F":0,"ELEVTYP_T":0},"geometry":{"type":"LineString","coordinates":[[-74.0003489710282,40.2203366632363],[-74.0011571894889,40.2205015151051],[-74.0018873261579,40.2206341254086]]}},{"type":"Feature","id":353148,"properties":{"OBJECTID":353148,"PRIMENAME":"Lake Avenue","ELEVTYP_F":0,"ELEVTYP_T":0},"geometry":{"type":"LineString","coordinates":[[-74.0038083512738,40.2173233298275],[-74.0032005095163,40.2174508505443],[-74.0031921355295,40.2174534995017],[-74.003183975018,40.2174565186496],[-74.0031760586069,40.2174598973115],[-74.003168415766,40.217463622104],[-74.0031610641773,40.2174676849969],[-74.0031540357131,40.2174720654116],[-74.0031473527547,40.2174767553383],[-74.0031410354324,40.2174817332473],[-74.0031351085039,40.2174869875364],[-74.0031295921125,40.2174924948744],[-74.0031245028051,40.2174982418225],[-74.0031198572006,40.2175042050347],[-74.0031156742349,40.2175103656781],[-74.0031119658211,40.2175167012873],[-74.0031087450144,40.2175231939049],[-74.0031060237607,40.2175298165621],[-74.0031038104091,40.217536552182],[-74.0031021110183,40.217543375572],[-74.0031009351781,40.2175502606536],[-74.0031002818518,40.2175571885086],[-74.0031001606294,40.2175641330585],[-74.0031005634514,40.2175710717521],[-74.0031014940202,40.217577980287],[-74.0031029478075,40.2175848352264],[-74.0031049191105,40.2175916131284],[-74.0031074033876,40.2175982923574],[-74.0033148027738,40.218199545111]]}},{"type":"Feature","id":353279,"properties":{"OBJECTID":353279,"PRIMENAME":"Cookman Avenue","ELEVTYP_F":0,"ELEVTYP_T":0},"geometry":{"type":"LineString","coordinates":[[-74.0033148027738,40.218199545111],[-74.0040536235344,40.2180448849751]]}},{"type":"Feature","id":354700,"properties":{"OBJECTID":354700,"PRIMENAME":"Sewall Avenue","ELEVTYP_F":0,"ELEVTYP_T":0},"geometry":{"type":"LineString","coordinates":[[-74.010852424011,40.2193538153738],[-74.0119301563348,40.219586440658],[-74.0120864850752,40.2196198499107]]}},{"type":"Feature","id":354859,"properties":{"OBJECTID":354859,"PRIMENAME":"Wanamassa Point Road","ELEVTYP_F":0,"ELEVTYP_T":0},"geometry":{"type":"LineString","coordinates":[[-74.0170872912743,40.230548949937],[-74.0173421472937,40.2306277028933],[-74.0176097039102,40.2307136739438],[-74.0177158848996,40.2307467026368],[-74.0178136561959,40.2307634166088],[-74.0179456271463,40.2307607275288],[-74.0182267354519,40.2307390570229],[-74.0182991085805,40.2307360915278],[-74.0183629101817,40.2307396237702],[-74.0184001956307,40.2307397789211]]}},{"type":"Feature","id":355363,"properties":{"OBJECTID":355363,"PRIMENAME":"1st Avenue","ELEVTYP_F":0,"ELEVTYP_T":0},"geometry":{"type":"LineString","coordinates":[[-74.0043334965301,40.2199258106689],[-74.0040391973726,40.2198456909464],[-74.00391673254,40.2198117819013],[-74.0033497142772,40.2196547827303],[-74.0023327451648,40.2194077894438]]}},{"type":"Feature","id":355870,"properties":{"OBJECTID":355870,"PRIMENAME":"Heck Street","ELEVTYP_F":0,"ELEVTYP_T":0},"geometry":{"type":"LineString","coordinates":[[-74.0060194453973,40.218329408787],[-74.0062551059211,40.2176797897044],[-74.0062510218396,40.217596289128],[-74.0062508970341,40.2175937360952]]}},{"type":"Feature","id":356682,"properties":{"OBJECTID":356682,"PRIMENAME":"Lake Avenue","ELEVTYP_F":0,"ELEVTYP_T":0},"geometry":{"type":"LineString","coordinates":[[-74.005926328242,40.2168760324817],[-74.0058182052634,40.216902227164],[-74.0051176903015,40.2170486582452],[-74.0043871147529,40.2172019293615],[-74.0038083512738,40.2173233298275]]}},{"type":"Feature","id":357140,"properties":{"OBJECTID":357140,"PRIMENAME":"Asbury Avenue","ELEVTYP_F":0,"ELEVTYP_T":0},"geometry":{"type":"LineString","coordinates":[[-74.0047123243762,40.2188721313591],[-74.0043993401478,40.2188053723934],[-74.0038432437047,40.2186867558199],[-74.0026844400001,40.2184395421331]]}},{"type":"Feature","id":357191,"properties":{"OBJECTID":357191,"PRIMENAME":"Wanamassa Point Road","ELEVTYP_F":0,"ELEVTYP_T":0},"geometry":{"type":"LineString","coordinates":[[-74.0184001956307,40.2307397789211],[-74.0184395222027,40.2307399425523],[-74.0185161002706,40.2307500342998],[-74.0186095172203,40.2307797972894],[-74.0191106903827,40.2309352024332],[-74.0191934632538,40.2309608569086]]}},{"type":"Feature","id":357446,"properties":{"OBJECTID":357446,"PRIMENAME":"Asbury Avenue","ELEVTYP_F":0,"ELEVTYP_T":0},"geometry":{"type":"LineString","coordinates":[[-74.0026844400001,40.2184395421331],[-74.001842223777,40.2182598133217],[-74.0015962544597,40.2182073424011],[-74.0015076971504,40.2181884513727],[-74.0013773791054,40.2181593117942],[-74.0013214085506,40.2181590706721],[-74.0012591378652,40.2181731329435],[-74.0012329206161,40.2181845755767],[-74.0011959228335,40.2182062204754],[-74.001124095844,40.2182753327959]]}},{"type":"Feature","id":365842,"properties":{"OBJECTID":365842,"PRIMENAME":"1st Avenue","ELEVTYP_F":0,"ELEVTYP_T":0},"geometry":{"type":"LineString","coordinates":[[-74.0022748163199,40.2195672868294],[-74.0033621769391,40.2197675559781],[-74.0038990563579,40.2198543816963],[-74.0040282451435,40.2198752733644],[-74.0043334965301,40.2199258106689]]}},{"type":"Feature","id":373942,"properties":{"OBJECTID":373942,"PRIMENAME":"Cookman Avenue","ELEVTYP_F":0,"ELEVTYP_T":0},"geometry":{"type":"LineString","coordinates":[[-74.0026844400001,40.2184395421331],[-74.0027759493829,40.218369382153],[-74.0027871855905,40.2183607830835],[-74.0028801877069,40.2183069090492],[-74.0030179608109,40.2182616826706],[-74.0033148027738,40.218199545111]]}},{"type":"Feature","id":377379,"properties":{"OBJECTID":377379,"PRIMENAME":"Comstock Street","ELEVTYP_F":0,"ELEVTYP_T":0},"geometry":{"type":"LineString","coordinates":[[-74.0139668025456,40.2290288583604],[-74.0139778446705,40.2289974857919],[-74.0142941124773,40.2280990180097],[-74.0143328751569,40.2279923360887]]}},{"type":"Feature","id":381623,"properties":{"OBJECTID":381623,"PRIMENAME":"6th Avenue","ELEVTYP_F":0,"ELEVTYP_T":0},"geometry":{"type":"LineString","coordinates":[[-73.9999559413521,40.2259953616871],[-73.9985483858035,40.2256720024297]]}},{"type":"Feature","id":382918,"properties":{"OBJECTID":382918,"PRIMENAME":"Cookman Avenue","ELEVTYP_F":0,"ELEVTYP_T":0},"geometry":{"type":"LineString","coordinates":[[-74.0062508970341,40.2175937360952],[-74.0062583187177,40.2175924563769],[-74.0063304604136,40.2175800195926],[-74.0065049467667,40.217523552143],[-74.0074589176775,40.2171463831584],[-74.007600420285,40.2170899664358],[-74.0082022313784,40.2168500364868]]}},{"type":"Feature","id":384262,"properties":{"OBJECTID":384262,"PRIMENAME":"6th Avenue","ELEVTYP_F":0,"ELEVTYP_T":0},"geometry":{"type":"LineString","coordinates":[[-74.0120557243575,40.2285900049687],[-74.012124913209,40.2286058908154],[-74.0139077272612,40.2289826671477],[-74.0139348313946,40.2289993361724],[-74.0139561759292,40.2290154171855],[-74.0139668025456,40.2290288583604]]}},{"type":"Feature","id":384925,"properties":{"OBJECTID":384925,"PRIMENAME":"1st Avenue","ELEVTYP_F":0,"ELEVTYP_T":0},"geometry":{"type":"LineString","coordinates":[[-74.0023327451648,40.2194077894438],[-74.0016119920401,40.2192326710838],[-74.0009602862114,40.2190821145069],[-74.000839983456,40.2190543351853]]}},{"type":"Feature","id":387409,"properties":{"OBJECTID":387409,"PRIMENAME":"Hetrick Point Road","ELEVTYP_F":0,"ELEVTYP_T":0},"geometry":{"type":"LineString","coordinates":[[-74.0156187020719,40.230568316501],[-74.0158355309659,40.2306051315965],[-74.0160523473195,40.2306386236664],[-74.0161714060953,40.2306586956585],[-74.0162565420546,40.2306590515174],[-74.0164012748974,40.2306498831841],[-74.0164907557629,40.2306437235735],[-74.0165152409756,40.230639363044],[-74.016580233249,40.2306277898218],[-74.0166826370681,40.2305923375462],[-74.0167808616259,40.2305503333792],[-74.0168491237109,40.2305310450179],[-74.0169257454703,40.2305248313908],[-74.0169853676149,40.2305218134968],[-74.0170746032112,40.2305450259228],[-74.0170872912743,40.230548949937]]}},{"type":"Feature","id":395865,"properties":{"OBJECTID":395865,"PRIMENAME":"Asbury Avenue","ELEVTYP_F":0,"ELEVTYP_T":0},"geometry":{"type":"LineString","coordinates":[[-74.0057506876187,40.2190925379764],[-74.0052695100336,40.2189909951976],[-74.0047123243762,40.2188721313591]]}},{"type":"Feature","id":396146,"properties":{"OBJECTID":396146,"PRIMENAME":"Sewall Avenue","ELEVTYP_F":0,"ELEVTYP_T":0},"geometry":{"type":"LineString","coordinates":[[-74.0060194453973,40.218329408787],[-74.0062526089498,40.218379079452],[-74.0074915922974,40.2186430124446],[-74.0076589382088,40.2186776003906]]}},{"type":"Feature","id":396660,"properties":{"OBJECTID":396660,"PRIMENAME":"Wanamassa Point Road","ELEVTYP_F":0,"ELEVTYP_T":0},"geometry":{"type":"LineString","coordinates":[[-74.0190517920344,40.2297927438324],[-74.0189883756743,40.2299323776052],[-74.0189193259736,40.2300226294658],[-74.0188317183835,40.2301033047799],[-74.0187191851533,40.2301886526295],[-74.0186882995304,40.2302003013423]]}},{"type":"Feature","id":397104,"properties":{"OBJECTID":397104,"PRIMENAME":"Sewall Avenue","ELEVTYP_F":0,"ELEVTYP_T":0},"geometry":{"type":"LineString","coordinates":[[-74.0120864850752,40.2196198499107],[-74.0126465757987,40.2197394866911],[-74.0129544193771,40.2198052407194]]}},{"type":"Feature","id":398336,"properties":{"OBJECTID":398336,"PRIMENAME":"Saint James Place","ELEVTYP_F":0,"ELEVTYP_T":0},"geometry":{"type":"LineString","coordinates":[[-74.0038083512738,40.2173233298275],[-74.0040536235344,40.2180448849751]]}},{"type":"Feature","id":400186,"properties":{"OBJECTID":400186,"PRIMENAME":"Atkins Avenue","ELEVTYP_F":0,"ELEVTYP_T":0},"geometry":{"type":"LineString","coordinates":[[-74.0209208548002,40.2128603617764],[-74.0210061054119,40.2131718344779],[-74.0210141669946,40.2132168897078],[-74.021015614086,40.2132249395938],[-74.0210163233257,40.2132355020023]]}},{"type":"Feature","id":402377,"properties":{"OBJECTID":402377,"PRIMENAME":"Springwood Avenue","ELEVTYP_F":0,"ELEVTYP_T":0},"geometry":{"type":"LineString","coordinates":[[-74.0251903322391,40.215397705549],[-74.0246081527309,40.2153546921221]]}},{"type":"Feature","id":402398,"properties":{"OBJECTID":402398,"PRIMENAME":"Springwood Avenue","ELEVTYP_F":0,"ELEVTYP_T":0},"geometry":{"type":"LineString","coordinates":[[-74.0246081527309,40.2153546921221],[-74.0241795899805,40.2153230406427],[-74.023923289542,40.2153041093593]]}},{"type":"Feature","id":402400,"properties":{"OBJECTID":402400,"PRIMENAME":"Springwood Avenue","ELEVTYP_F":0,"ELEVTYP_T":0},"geometry":{"type":"LineString","coordinates":[[-74.0156590231107,40.214869456851],[-74.0149227508656,40.2149558157752],[-74.0145903469913,40.2149948029951],[-74.0143252615303,40.215025892741],[-74.0138462028202,40.21508101037],[-74.0137045309803,40.2150973262668]]}},{"type":"Feature","id":402414,"properties":{"OBJECTID":402414,"PRIMENAME":"Springwood Avenue","ELEVTYP_F":0,"ELEVTYP_T":0},"geometry":{"type":"LineString","coordinates":[[-74.0215337384053,40.2151276748168],[-74.0211882844658,40.2151021155629],[-74.0207803406432,40.2150720418119]]}},{"type":"Feature","id":402415,"properties":{"OBJECTID":402415,"PRIMENAME":"Springwood Avenue","ELEVTYP_F":0,"ELEVTYP_T":0},"geometry":{"type":"LineString","coordinates":[[-74.0207803406432,40.2150720418119],[-74.0195216833458,40.2149792778994]]}},{"type":"Feature","id":402420,"properties":{"OBJECTID":402420,"PRIMENAME":"Springwood Avenue","ELEVTYP_F":0,"ELEVTYP_T":0},"geometry":{"type":"LineString","coordinates":[[-74.0164655273845,40.2147778979522],[-74.0162479342789,40.2148004062407],[-74.0156590231107,40.214869456851]]}},{"type":"Feature","id":402421,"properties":{"OBJECTID":402421,"PRIMENAME":"Springwood Avenue","ELEVTYP_F":0,"ELEVTYP_T":0},"geometry":{"type":"LineString","coordinates":[[-74.023923289542,40.2153041093593],[-74.0232687779326,40.2152557893508]]}},{"type":"Feature","id":402430,"properties":{"OBJECTID":402430,"PRIMENAME":"Springwood Avenue","ELEVTYP_F":0,"ELEVTYP_T":0},"geometry":{"type":"LineString","coordinates":[[-74.0195216833458,40.2149792778994],[-74.0186531137139,40.2149152189109],[-74.0182850471796,40.2148873611228]]}},{"type":"Feature","id":402432,"properties":{"OBJECTID":402432,"PRIMENAME":"Springwood Avenue","ELEVTYP_F":0,"ELEVTYP_T":0},"geometry":{"type":"LineString","coordinates":[[-74.0220114761519,40.2151629211858],[-74.0215337384053,40.2151276748168]]}},{"type":"Feature","id":402452,"properties":{"OBJECTID":402452,"PRIMENAME":"Springwood Avenue","ELEVTYP_F":0,"ELEVTYP_T":0},"geometry":{"type":"LineString","coordinates":[[-74.0232687779326,40.2152557893508],[-74.0220114761519,40.2151629211858]]}},{"type":"Feature","id":402460,"properties":{"OBJECTID":402460,"PRIMENAME":"Springwood Avenue","ELEVTYP_F":0,"ELEVTYP_T":0},"geometry":{"type":"LineString","coordinates":[[-74.0182850471796,40.2148873611228],[-74.0167205892942,40.2147689981233],[-74.0166025629732,40.2147637560483],[-74.0164655273845,40.2147778979522]]}},{"type":"Feature","id":434934,"properties":{"OBJECTID":434934,"PRIMENAME":"Ocean Ave Boardwalk","ELEVTYP_F":0,"ELEVTYP_T":0},"geometry":{"type":"LineString","coordinates":[[-74.0043393571363,40.2083857499487],[-74.0037195440829,40.2100768283501],[-74.0035945334559,40.2101197488275],[-74.0035576655066,40.210166330172],[-74.0034491427988,40.2103661506528],[-74.0035181018475,40.2105995663785],[-74.0033017935367,40.2111912883947],[-74.0026318224112,40.2130193305621],[-74.0025942025504,40.2131594502501],[-74.0024844769346,40.2131509627186],[-74.0024095575822,40.2133871136988],[-74.0024924998641,40.2134836627943],[-74.0018839663167,40.215196481668],[-74.0018417027163,40.2152564204658],[-74.0016415124536,40.2154639757643],[-74.0013622541255,40.2157593675896],[-74.0012654768869,40.2161236808581],[-74.001175953299,40.2162114716545],[-74.0009907923037,40.2169223447533]]}},{"type":"Feature","id":435197,"properties":{"OBJECTID":435197,"PRIMENAME":"Ocean Ave Boardwalk","ELEVTYP_F":0,"ELEVTYP_T":0},"geometry":{"type":"LineString","coordinates":[[-74.0009906198792,40.2169223061818],[-74.0003115308848,40.2189664580631],[-73.9994592963997,40.221251965615],[-73.998645963122,40.2234713307157],[-73.9984972091405,40.2241110541566],[-73.9981248296693,40.2251251951339],[-73.9977004522579,40.2265733810512],[-73.9974046795185,40.2275095349108],[-73.9969579489776,40.2289113962768]]}}]}
